product_id,date,sales,price,rating,trend_index,competitor_launch
Product_1 (Category_1),2022-01-31,321.43,120.21,4.76,0.86,0
Product_1 (Category_1),2022-02-28,365.89,59.26,4.38,1.19,0
Product_1 (Category_1),2022-03-31,318.88,186.91,3.77,1.01,0
Product_1 (Category_1),2022-04-30,312.55,181.47,4.16,0.95,0
Product_1 (Category_1),2022-05-31,349.81,316.59,3.29,0.82,0
Product_1 (Category_1),2022-06-30,329.0,357.9,3.85,0.98,0
Product_1 (Category_1),2022-07-31,365.93,190.27,3.39,1.01,0
Product_1 (Category_1),2022-08-31,354.09,89.82,4.09,0.88,0
Product_1 (Category_1),2022-09-30,276.74,422.93,3.64,0.94,0
Product_1 (Category_1),2022-10-31,320.75,83.55,3.81,1.19,0
Product_1 (Category_1),2022-11-30,334.81,397.07,4.47,0.83,0
Product_1 (Category_1),2022-12-31,311.27,198.9,4.49,0.83,0
Product_1 (Category_1),2023-01-31,328.67,449.25,4.68,0.99,0
Product_1 (Category_1),2023-02-28,323.62,396.94,4.77,1.0,0
Product_1 (Category_1),2023-03-31,328.46,191.46,3.85,1.0,1
Product_1 (Category_1),2023-04-30,386.19,152.96,3.74,0.83,0
Product_1 (Category_1),2023-05-31,386.08,411.65,4.16,0.87,0
Product_1 (Category_1),2023-06-30,352.81,152.57,3.84,0.97,0
Product_1 (Category_1),2023-07-31,385.72,237.83,3.88,0.89,0
Product_1 (Category_1),2023-08-31,387.43,283.46,4.2,1.08,0
Product_1 (Category_1),2023-09-30,335.78,178.18,3.99,0.81,0
Product_1 (Category_1),2023-10-31,383.35,115.2,4.15,1.0,1
Product_1 (Category_1),2023-11-30,415.07,156.94,4.38,1.09,0
Product_1 (Category_1),2023-12-31,387.81,90.63,5.0,1.13,0
Product_2 (Category_2),2022-01-31,569.54,414.28,3.52,0.94,0
Product_2 (Category_2),2022-02-28,595.5,426.97,2.77,1.07,0
Product_2 (Category_2),2022-03-31,668.34,152.85,4.2,0.87,1
Product_2 (Category_2),2022-04-30,634.13,447.19,4.25,0.88,0
Product_2 (Category_2),2022-05-31,643.41,232.03,4.05,1.16,0
Product_2 (Category_2),2022-06-30,654.76,311.31,4.55,0.95,1
Product_2 (Category_2),2022-07-31,589.16,268.53,3.45,0.98,1
Product_2 (Category_2),2022-08-31,593.98,130.47,3.81,0.95,0
Product_2 (Category_2),2022-09-30,578.59,278.97,3.06,1.05,0
Product_2 (Category_2),2022-10-31,539.38,457.74,4.21,0.97,0
Product_2 (Category_2),2022-11-30,545.62,153.58,4.2,1.0,0
Product_2 (Category_2),2022-12-31,457.55,447.57,3.88,1.1,1
Product_2 (Category_2),2023-01-31,578.2,491.15,4.77,0.83,0
Product_2 (Category_2),2023-02-28,527.53,217.71,3.13,0.96,0
Product_2 (Category_2),2023-03-31,523.21,164.37,4.69,0.92,0
Product_2 (Category_2),2023-04-30,603.69,298.77,3.64,0.92,0
Product_2 (Category_2),2023-05-31,604.39,52.33,4.1,1.05,0
Product_2 (Category_2),2023-06-30,641.47,448.98,3.94,0.81,0
Product_2 (Category_2),2023-07-31,645.76,119.77,4.6,1.19,0
Product_2 (Category_2),2023-08-31,704.54,196.99,3.06,1.13,0
Product_2 (Category_2),2023-09-30,729.48,137.47,3.92,0.96,0
Product_2 (Category_2),2023-10-31,641.02,384.82,3.0,0.9,0
Product_2 (Category_2),2023-11-30,711.35,76.19,3.66,1.17,0
Product_2 (Category_2),2023-12-31,635.94,282.51,4.29,1.06,0
Product_3 (Category_3),2022-01-31,267.88,94.03,4.94,1.0,0
Product_3 (Category_3),2022-02-28,243.7,327.13,3.35,1.05,0
Product_3 (Category_3),2022-03-31,329.23,435.42,5.0,1.06,0
Product_3 (Category_3),2022-04-30,336.87,313.6,4.03,1.18,0
Product_3 (Category_3),2022-05-31,329.02,295.53,5.0,1.18,0
Product_3 (Category_3),2022-06-30,325.86,193.54,4.1,1.14,0
Product_3 (Category_3),2022-07-31,304.47,363.53,3.82,1.05,0
Product_3 (Category_3),2022-08-31,279.62,129.85,4.44,1.1,0
Product_3 (Category_3),2022-09-30,217.12,399.39,3.39,0.94,1
Product_3 (Category_3),2022-10-31,291.16,389.54,3.78,0.84,1
Product_3 (Category_3),2022-11-30,208.72,452.99,4.47,0.96,0
Product_3 (Category_3),2022-12-31,205.6,477.53,3.69,1.18,0
Product_3 (Category_3),2023-01-31,160.63,197.9,3.78,1.07,0
Product_3 (Category_3),2023-02-28,205.42,297.29,4.0,0.98,0
Product_3 (Category_3),2023-03-31,266.29,95.51,4.68,0.83,0
Product_3 (Category_3),2023-04-30,292.15,86.61,4.44,0.83,1
Product_3 (Category_3),2023-05-31,339.08,476.26,3.76,1.19,0
Product_3 (Category_3),2023-06-30,270.1,457.86,4.79,0.84,0
Product_3 (Category_3),2023-07-31,358.72,385.72,3.59,1.03,1
Product_3 (Category_3),2023-08-31,378.09,150.62,3.8,1.19,0
Product_3 (Category_3),2023-09-30,360.89,83.21,4.01,1.02,1
Product_3 (Category_3),2023-10-31,383.56,254.54,4.48,1.05,0
Product_3 (Category_3),2023-11-30,383.11,174.82,3.6,0.88,0
Product_3 (Category_3),2023-12-31,267.41,488.48,4.08,1.19,0
Product_4 (Category_4),2022-01-31,656.32,311.52,4.32,1.17,0
Product_4 (Category_4),2022-02-28,644.02,235.06,4.09,1.11,0
Product_4 (Category_4),2022-03-31,739.95,226.85,3.66,1.13,0
Product_4 (Category_4),2022-04-30,721.04,387.46,4.96,1.17,0
Product_4 (Category_4),2022-05-31,695.95,158.49,4.68,0.88,0
Product_4 (Category_4),2022-06-30,755.96,390.65,3.87,0.82,0
Product_4 (Category_4),2022-07-31,739.64,188.5,3.95,1.13,1
Product_4 (Category_4),2022-08-31,698.29,266.02,4.67,0.97,0
Product_4 (Category_4),2022-09-30,674.34,323.64,4.02,1.05,0
Product_4 (Category_4),2022-10-31,662.49,252.91,4.86,1.16,0
Product_4 (Category_4),2022-11-30,668.32,256.71,4.32,1.14,0
Product_4 (Category_4),2022-12-31,637.17,206.34,3.76,0.88,0
Product_4 (Category_4),2023-01-31,569.93,313.14,5.0,0.96,0
Product_4 (Category_4),2023-02-28,622.23,443.44,4.84,1.01,1
Product_4 (Category_4),2023-03-31,679.41,205.29,3.74,0.94,0
Product_4 (Category_4),2023-04-30,616.8,452.4,4.26,0.85,0
Product_4 (Category_4),2023-05-31,701.26,359.5,3.55,1.0,0
Product_4 (Category_4),2023-06-30,727.14,493.82,3.61,1.01,1
Product_4 (Category_4),2023-07-31,741.63,374.23,4.8,0.82,0
Product_4 (Category_4),2023-08-31,768.99,387.33,4.24,0.81,0
Product_4 (Category_4),2023-09-30,716.04,381.83,3.89,0.87,0
Product_4 (Category_4),2023-10-31,736.13,154.95,3.56,0.94,0
Product_4 (Category_4),2023-11-30,710.82,312.89,5.0,1.09,0
Product_4 (Category_4),2023-12-31,642.26,201.85,4.53,1.16,0
Product_5 (Category_0),2022-01-31,507.81,432.87,2.86,0.84,0
Product_5 (Category_0),2022-02-28,563.51,52.39,4.07,1.19,0
Product_5 (Category_0),2022-03-31,578.72,290.77,4.42,0.99,0
Product_5 (Category_0),2022-04-30,596.81,288.43,3.59,1.08,0
Product_5 (Category_0),2022-05-31,608.27,194.29,4.01,1.04,0
Product_5 (Category_0),2022-06-30,644.41,140.78,4.99,1.07,0
Product_5 (Category_0),2022-07-31,647.7,407.43,3.7,0.84,0
Product_5 (Category_0),2022-08-31,582.6,495.92,3.93,0.88,0
Product_5 (Category_0),2022-09-30,563.22,387.73,4.25,1.12,0
Product_5 (Category_0),2022-10-31,550.37,458.54,3.35,0.93,0
Product_5 (Category_0),2022-11-30,573.34,454.85,3.8,1.05,0
Product_5 (Category_0),2022-12-31,460.78,226.17,4.5,1.01,0
Product_5 (Category_0),2023-01-31,452.8,199.77,4.72,1.09,0
Product_5 (Category_0),2023-02-28,534.38,383.66,4.53,1.03,1
Product_5 (Category_0),2023-03-31,584.2,114.41,4.36,0.88,0
Product_5 (Category_0),2023-04-30,567.71,291.42,4.13,0.95,0
Product_5 (Category_0),2023-05-31,839.69,268.86,4.09,0.96,0
Product_5 (Category_0),2023-06-30,680.71,319.56,4.26,1.13,1
Product_5 (Category_0),2023-07-31,635.53,179.57,3.27,1.05,1
Product_5 (Category_0),2023-08-31,650.25,376.74,3.78,1.04,0
Product_5 (Category_0),2023-09-30,696.45,218.5,4.34,0.83,0
Product_5 (Category_0),2023-10-31,644.29,124.48,3.76,0.87,0
Product_5 (Category_0),2023-11-30,610.11,323.55,3.64,0.95,0
Product_5 (Category_0),2023-12-31,640.16,101.42,4.66,0.97,0
Product_6 (Category_1),2022-01-31,395.7,460.74,4.04,0.9,0
Product_6 (Category_1),2022-02-28,401.6,149.04,4.45,0.89,0
Product_6 (Category_1),2022-03-31,503.23,437.28,3.19,1.01,0
Product_6 (Category_1),2022-04-30,416.22,242.06,3.19,1.12,0
Product_6 (Category_1),2022-05-31,401.14,426.45,4.73,1.03,0
Product_6 (Category_1),2022-06-30,512.9,266.49,4.97,1.0,0
Product_6 (Category_1),2022-07-31,413.54,388.96,3.89,0.91,0
Product_6 (Category_1),2022-08-31,454.04,164.25,2.91,0.88,0
Product_6 (Category_1),2022-09-30,426.94,449.36,3.06,1.02,0
Product_6 (Category_1),2022-10-31,388.96,413.08,4.03,1.19,1
Product_6 (Category_1),2022-11-30,326.87,89.12,3.55,1.05,0
Product_6 (Category_1),2022-12-31,412.67,459.78,4.48,1.05,0
Product_6 (Category_1),2023-01-31,361.57,423.79,3.95,0.94,0
Product_6 (Category_1),2023-02-28,366.09,488.55,4.24,1.11,0
Product_6 (Category_1),2023-03-31,387.02,131.95,4.17,0.99,0
Product_6 (Category_1),2023-04-30,377.39,148.11,4.81,1.06,0
Product_6 (Category_1),2023-05-31,424.57,357.43,4.31,1.13,0
Product_6 (Category_1),2023-06-30,405.67,232.36,4.0,1.0,0
Product_6 (Category_1),2023-07-31,424.79,169.92,3.68,1.09,0
Product_6 (Category_1),2023-08-31,524.1,427.15,3.89,0.96,0
Product_6 (Category_1),2023-09-30,450.24,132.97,3.94,0.84,0
Product_6 (Category_1),2023-10-31,424.54,461.98,4.6,1.09,0
Product_6 (Category_1),2023-11-30,434.72,110.75,3.94,0.99,0
Product_6 (Category_1),2023-12-31,413.1,430.88,3.86,1.18,0
Product_7 (Category_2),2022-01-31,617.62,367.22,3.11,1.04,0
Product_7 (Category_2),2022-02-28,672.49,413.34,3.67,1.18,0
Product_7 (Category_2),2022-03-31,682.31,481.18,4.02,1.1,0
Product_7 (Category_2),2022-04-30,749.02,491.26,4.68,1.16,0
Product_7 (Category_2),2022-05-31,729.4,69.87,3.81,1.04,1
Product_7 (Category_2),2022-06-30,652.44,104.24,3.86,1.09,0
Product_7 (Category_2),2022-07-31,724.16,385.28,3.82,0.82,0
Product_7 (Category_2),2022-08-31,686.72,214.11,4.65,1.02,0
Product_7 (Category_2),2022-09-30,529.12,232.02,4.65,1.03,0
Product_7 (Category_2),2022-10-31,602.7,284.08,4.42,0.97,0
Product_7 (Category_2),2022-11-30,542.18,50.11,3.99,0.87,0
Product_7 (Category_2),2022-12-31,514.92,311.34,3.72,0.91,0
Product_7 (Category_2),2023-01-31,520.33,379.52,2.96,0.8,0
Product_7 (Category_2),2023-02-28,248.97,315.1,4.37,0.91,1
Product_7 (Category_2),2023-03-31,517.52,480.39,3.86,1.12,0
Product_7 (Category_2),2023-04-30,602.41,495.13,4.1,1.1,0
Product_7 (Category_2),2023-05-31,596.59,423.79,4.3,0.85,0
Product_7 (Category_2),2023-06-30,654.24,333.4,4.25,0.89,0
Product_7 (Category_2),2023-07-31,608.9,281.86,4.09,1.0,1
Product_7 (Category_2),2023-08-31,733.11,386.54,3.67,0.81,0
Product_7 (Category_2),2023-09-30,589.64,172.83,3.56,0.99,0
Product_7 (Category_2),2023-10-31,631.55,469.22,3.91,1.09,0
Product_7 (Category_2),2023-11-30,600.47,482.95,3.68,0.84,0
Product_7 (Category_2),2023-12-31,585.74,307.09,4.02,1.06,0
Product_8 (Category_3),2022-01-31,476.65,120.8,4.27,0.86,0
Product_8 (Category_3),2022-02-28,479.08,446.74,4.3,1.18,0
Product_8 (Category_3),2022-03-31,530.23,50.5,3.92,1.02,0
Product_8 (Category_3),2022-04-30,554.74,102.13,3.05,0.95,0
Product_8 (Category_3),2022-05-31,529.33,58.29,3.66,0.97,0
Product_8 (Category_3),2022-06-30,557.39,404.96,3.65,0.87,0
Product_8 (Category_3),2022-07-31,549.41,368.86,3.7,0.99,0
Product_8 (Category_3),2022-08-31,507.16,341.41,4.96,1.04,0
Product_8 (Category_3),2022-09-30,499.64,418.45,4.56,0.9,0
Product_8 (Category_3),2022-10-31,522.68,95.99,3.98,1.14,0
Product_8 (Category_3),2022-11-30,519.84,397.77,3.75,0.89,0
Product_8 (Category_3),2022-12-31,505.37,435.81,4.12,1.19,0
Product_8 (Category_3),2023-01-31,462.73,375.99,3.41,1.1,0
Product_8 (Category_3),2023-02-28,521.25,262.19,4.86,1.02,0
Product_8 (Category_3),2023-03-31,570.06,58.04,2.76,1.12,0
Product_8 (Category_3),2023-04-30,588.76,161.39,4.75,1.02,0
Product_8 (Category_3),2023-05-31,519.04,315.62,4.58,0.97,1
Product_8 (Category_3),2023-06-30,635.23,228.0,3.81,1.19,0
Product_8 (Category_3),2023-07-31,597.63,387.12,4.23,0.86,0
Product_8 (Category_3),2023-08-31,597.43,144.66,3.81,0.94,0
Product_8 (Category_3),2023-09-30,601.41,447.14,3.61,0.83,0
Product_8 (Category_3),2023-10-31,614.25,419.65,3.51,0.82,0
Product_8 (Category_3),2023-11-30,637.49,325.82,4.69,0.92,1
Product_8 (Category_3),2023-12-31,613.04,325.52,4.28,0.99,0
Product_9 (Category_4),2022-01-31,571.61,123.8,3.99,0.98,0
Product_9 (Category_4),2022-02-28,601.15,327.08,5.0,0.93,0
Product_9 (Category_4),2022-03-31,622.65,69.65,4.52,0.86,0
Product_9 (Category_4),2022-04-30,656.1,271.97,3.0,0.83,0
Product_9 (Category_4),2022-05-31,606.25,428.2,3.81,0.87,1
Product_9 (Category_4),2022-06-30,656.33,380.91,4.52,1.11,0
Product_9 (Category_4),2022-07-31,714.24,63.23,4.21,0.96,0
Product_9 (Category_4),2022-08-31,641.35,496.46,4.57,0.91,0
Product_9 (Category_4),2022-09-30,645.65,156.11,3.94,1.11,0
Product_9 (Category_4),2022-10-31,552.61,280.68,4.72,0.97,0
Product_9 (Category_4),2022-11-30,577.97,316.81,3.58,1.03,0
Product_9 (Category_4),2022-12-31,540.09,229.57,4.54,1.14,0
Product_9 (Category_4),2023-01-31,534.46,156.66,4.77,0.89,0
Product_9 (Category_4),2023-02-28,575.75,351.23,3.02,0.86,0
Product_9 (Category_4),2023-03-31,571.15,322.49,3.24,0.94,0
Product_9 (Category_4),2023-04-30,1097.28,438.9,4.9,1.02,0
Product_9 (Category_4),2023-05-31,642.26,73.26,3.77,1.06,0
Product_9 (Category_4),2023-06-30,567.19,228.82,4.39,0.99,0
Product_9 (Category_4),2023-07-31,688.1,164.4,4.2,1.01,0
Product_9 (Category_4),2023-08-31,672.2,134.76,4.25,1.09,0
Product_9 (Category_4),2023-09-30,691.78,159.87,3.99,1.13,0
Product_9 (Category_4),2023-10-31,694.47,463.41,3.87,1.04,1
Product_9 (Category_4),2023-11-30,701.91,206.86,4.91,0.86,0
Product_9 (Category_4),2023-12-31,651.94,179.91,4.1,0.84,0
Product_10 (Category_0),2022-01-31,164.52,418.03,4.69,0.85,0
Product_10 (Category_0),2022-02-28,195.49,362.96,3.18,0.96,0
Product_10 (Category_0),2022-03-31,208.75,82.94,3.7,1.04,0
Product_10 (Category_0),2022-04-30,154.19,438.5,3.66,1.01,0
Product_10 (Category_0),2022-05-31,220.55,311.08,3.18,1.01,0
Product_10 (Category_0),2022-06-30,355.49,479.99,4.43,0.81,0
Product_10 (Category_0),2022-07-31,249.09,467.17,4.2,0.82,1
Product_10 (Category_0),2022-08-31,247.17,165.55,3.52,0.91,0
Product_10 (Category_0),2022-09-30,180.91,324.65,4.2,1.09,0
Product_10 (Category_0),2022-10-31,225.05,356.5,3.92,0.87,0
Product_10 (Category_0),2022-11-30,227.46,165.45,3.53,1.19,0
Product_10 (Category_0),2022-12-31,203.16,334.92,4.03,1.18,0
Product_10 (Category_0),2023-01-31,215.09,145.42,4.2,1.04,0
Product_10 (Category_0),2023-02-28,223.62,156.59,4.38,1.11,0
Product_10 (Category_0),2023-03-31,299.06,92.99,3.59,1.05,0
Product_10 (Category_0),2023-04-30,348.01,438.26,3.63,0.89,0
Product_10 (Category_0),2023-05-31,304.81,154.38,5.0,0.96,0
Product_10 (Category_0),2023-06-30,266.42,242.69,4.82,1.09,0
Product_10 (Category_0),2023-07-31,318.89,173.37,4.81,0.83,0
Product_10 (Category_0),2023-08-31,290.97,152.0,3.49,0.94,0
Product_10 (Category_0),2023-09-30,316.74,446.04,3.22,1.06,0
Product_10 (Category_0),2023-10-31,342.86,497.36,3.4,1.06,0
Product_10 (Category_0),2023-11-30,277.32,303.03,3.97,1.18,0
Product_10 (Category_0),2023-12-31,293.89,93.5,3.29,0.98,0
Product_11 (Category_1),2022-01-31,681.23,496.62,3.84,1.17,0
Product_11 (Category_1),2022-02-28,804.58,90.11,4.2,1.1,0
Product_11 (Category_1),2022-03-31,774.48,66.27,4.48,0.92,0
Product_11 (Category_1),2022-04-30,711.3,228.64,4.25,0.98,0
Product_11 (Category_1),2022-05-31,772.81,496.47,4.42,1.14,0
Product_11 (Category_1),2022-06-30,775.1,221.28,3.95,1.15,0
Product_11 (Category_1),2022-07-31,746.09,86.41,4.5,0.96,0
Product_11 (Category_1),2022-08-31,756.08,338.44,4.0,1.13,0
Product_11 (Category_1),2022-09-30,741.7,322.81,4.41,1.11,0
Product_11 (Category_1),2022-10-31,698.67,215.39,3.85,0.83,0
Product_11 (Category_1),2022-11-30,724.1,484.62,4.26,0.97,0
Product_11 (Category_1),2022-12-31,691.69,338.37,3.93,0.89,0
Product_11 (Category_1),2023-01-31,717.74,76.17,4.75,1.2,0
Product_11 (Category_1),2023-02-28,716.82,361.47,3.85,0.82,0
Product_11 (Category_1),2023-03-31,765.09,187.81,4.6,1.05,0
Product_11 (Category_1),2023-04-30,731.35,215.49,3.89,0.97,0
Product_11 (Category_1),2023-05-31,776.38,58.64,2.7,0.9,0
Product_11 (Category_1),2023-06-30,768.76,55.45,4.09,0.9,1
Product_11 (Category_1),2023-07-31,827.72,99.38,4.29,1.02,0
Product_11 (Category_1),2023-08-31,836.25,117.52,3.53,0.93,0
Product_11 (Category_1),2023-09-30,797.85,256.75,3.19,1.11,0
Product_11 (Category_1),2023-10-31,814.33,359.66,4.52,0.98,0
Product_11 (Category_1),2023-11-30,889.43,346.71,3.7,1.16,0
Product_11 (Category_1),2023-12-31,813.21,117.58,3.62,1.09,0
Product_12 (Category_2),2022-01-31,431.79,97.42,4.29,0.81,0
Product_12 (Category_2),2022-02-28,426.62,486.84,3.99,1.18,0
Product_12 (Category_2),2022-03-31,473.33,423.74,2.9,0.83,0
Product_12 (Category_2),2022-04-30,473.42,402.12,4.02,0.89,1
Product_12 (Category_2),2022-05-31,437.91,481.92,3.94,0.99,0
Product_12 (Category_2),2022-06-30,431.1,101.28,3.47,0.99,1
Product_12 (Category_2),2022-07-31,381.01,69.68,4.18,0.84,0
Product_12 (Category_2),2022-08-31,412.47,224.89,2.94,0.87,0
Product_12 (Category_2),2022-09-30,355.96,55.72,5.0,1.2,0
Product_12 (Category_2),2022-10-31,318.92,294.81,4.27,1.05,0
Product_12 (Category_2),2022-11-30,318.0,131.27,4.8,0.82,0
Product_12 (Category_2),2022-12-31,301.46,377.58,3.14,0.84,0
Product_12 (Category_2),2023-01-31,288.07,117.8,4.27,0.94,0
Product_12 (Category_2),2023-02-28,314.17,97.67,4.72,0.86,0
Product_12 (Category_2),2023-03-31,303.3,122.38,4.51,1.02,0
Product_12 (Category_2),2023-04-30,317.62,137.28,4.31,1.15,0
Product_12 (Category_2),2023-05-31,372.07,326.74,4.29,1.08,0
Product_12 (Category_2),2023-06-30,403.45,427.98,4.04,1.13,0
Product_12 (Category_2),2023-07-31,402.53,390.32,4.56,1.14,0
Product_12 (Category_2),2023-08-31,373.34,339.51,3.53,1.11,0
Product_12 (Category_2),2023-09-30,362.56,224.45,3.79,0.96,0
Product_12 (Category_2),2023-10-31,340.99,151.45,4.15,1.08,0
Product_12 (Category_2),2023-11-30,380.54,60.32,4.78,0.93,0
Product_12 (Category_2),2023-12-31,335.53,491.89,4.42,0.88,0
Product_13 (Category_3),2022-01-31,529.85,78.14,3.34,1.12,0
Product_13 (Category_3),2022-02-28,550.39,336.9,3.73,1.0,0
Product_13 (Category_3),2022-03-31,608.76,490.84,3.31,0.87,0
Product_13 (Category_3),2022-04-30,663.97,468.33,4.37,1.11,0
Product_13 (Category_3),2022-05-31,598.45,257.78,3.35,0.99,0
Product_13 (Category_3),2022-06-30,633.39,72.43,4.71,1.16,1
Product_13 (Category_3),2022-07-31,413.81,229.48,3.83,1.17,0
Product_13 (Category_3),2022-08-31,528.32,404.21,3.52,1.19,0
Product_13 (Category_3),2022-09-30,510.77,120.37,4.36,1.14,0
Product_13 (Category_3),2022-10-31,436.65,191.84,4.39,1.11,0
Product_13 (Category_3),2022-11-30,481.9,107.59,4.84,1.15,0
Product_13 (Category_3),2022-12-31,473.92,272.52,4.63,1.19,0
Product_13 (Category_3),2023-01-31,439.21,188.91,3.47,1.18,1
Product_13 (Category_3),2023-02-28,441.52,357.69,3.92,1.02,1
Product_13 (Category_3),2023-03-31,516.86,406.26,2.86,1.02,0
Product_13 (Category_3),2023-04-30,506.05,113.43,4.58,1.07,0
Product_13 (Category_3),2023-05-31,537.78,387.18,4.56,0.92,0
Product_13 (Category_3),2023-06-30,568.66,407.3,3.99,1.0,0
Product_13 (Category_3),2023-07-31,631.26,389.35,4.14,0.81,0
Product_13 (Category_3),2023-08-31,575.26,475.99,3.66,1.02,0
Product_13 (Category_3),2023-09-30,557.73,204.65,4.06,0.91,0
Product_13 (Category_3),2023-10-31,542.9,228.82,2.94,0.84,0
Product_13 (Category_3),2023-11-30,578.8,174.4,3.65,0.92,0
Product_13 (Category_3),2023-12-31,510.94,251.42,4.48,1.02,0
Product_14 (Category_4),2022-01-31,534.31,65.02,4.09,0.95,0
Product_14 (Category_4),2022-02-28,515.58,485.49,3.69,1.14,0
Product_14 (Category_4),2022-03-31,477.33,376.33,3.98,0.93,1
Product_14 (Category_4),2022-04-30,499.65,359.09,4.18,0.84,0
Product_14 (Category_4),2022-05-31,517.03,488.06,3.37,0.93,0
Product_14 (Category_4),2022-06-30,538.82,494.63,3.79,1.16,0
Product_14 (Category_4),2022-07-31,541.17,445.92,3.72,1.01,0
Product_14 (Category_4),2022-08-31,509.03,239.05,3.77,1.16,0
Product_14 (Category_4),2022-09-30,447.48,309.76,5.0,1.1,0
Product_14 (Category_4),2022-10-31,448.42,191.71,4.15,0.8,0
Product_14 (Category_4),2022-11-30,475.55,146.99,3.81,0.94,0
Product_14 (Category_4),2022-12-31,487.66,456.62,3.74,0.89,0
Product_14 (Category_4),2023-01-31,456.36,443.4,4.37,0.8,0
Product_14 (Category_4),2023-02-28,422.02,221.73,3.71,0.85,0
Product_14 (Category_4),2023-03-31,471.62,239.65,3.99,0.81,1
Product_14 (Category_4),2023-04-30,525.77,427.76,4.44,1.19,0
Product_14 (Category_4),2023-05-31,554.55,335.79,5.0,0.98,0
Product_14 (Category_4),2023-06-30,559.16,70.76,3.89,1.03,0
Product_14 (Category_4),2023-07-31,601.55,79.02,4.76,1.15,0
Product_14 (Category_4),2023-08-31,609.1,427.17,5.0,0.91,0
Product_14 (Category_4),2023-09-30,603.63,346.47,4.7,0.9,0
Product_14 (Category_4),2023-10-31,589.98,64.69,4.85,1.15,0
Product_14 (Category_4),2023-11-30,535.27,203.37,3.95,0.87,0
Product_14 (Category_4),2023-12-31,592.32,337.82,3.86,1.07,0
Product_15 (Category_0),2022-01-31,268.77,492.73,3.13,0.91,0
Product_15 (Category_0),2022-02-28,332.94,157.49,4.1,0.99,0
Product_15 (Category_0),2022-03-31,320.0,251.36,5.0,0.99,0
Product_15 (Category_0),2022-04-30,363.66,178.21,4.14,0.99,0
Product_15 (Category_0),2022-05-31,344.05,175.02,3.94,1.13,0
Product_15 (Category_0),2022-06-30,371.82,308.65,4.04,0.81,0
Product_15 (Category_0),2022-07-31,372.32,447.02,3.65,1.07,0
Product_15 (Category_0),2022-08-31,452.31,479.31,3.51,1.09,0
Product_15 (Category_0),2022-09-30,251.13,349.38,4.29,1.12,0
Product_15 (Category_0),2022-10-31,263.69,455.14,5.0,0.96,0
Product_15 (Category_0),2022-11-30,257.79,340.9,3.47,1.16,0
Product_15 (Category_0),2022-12-31,181.38,337.04,3.84,1.1,0
Product_15 (Category_0),2023-01-31,199.81,251.98,4.95,0.83,0
Product_15 (Category_0),2023-02-28,186.85,259.97,4.31,1.13,0
Product_15 (Category_0),2023-03-31,220.23,84.93,4.54,1.02,0
Product_15 (Category_0),2023-04-30,244.72,252.56,3.34,1.03,0
Product_15 (Category_0),2023-05-31,287.79,226.84,3.96,1.01,0
Product_15 (Category_0),2023-06-30,314.42,392.86,4.06,1.18,0
Product_15 (Category_0),2023-07-31,386.46,318.19,3.75,0.84,0
Product_15 (Category_0),2023-08-31,365.61,301.86,4.58,0.84,0
Product_15 (Category_0),2023-09-30,319.18,94.69,4.05,0.88,1
Product_15 (Category_0),2023-10-31,286.31,116.18,3.55,1.0,0
Product_15 (Category_0),2023-11-30,264.04,263.3,3.27,0.98,1
Product_15 (Category_0),2023-12-31,278.22,118.21,3.61,0.81,1
Product_16 (Category_1),2022-01-31,229.96,161.11,4.06,1.14,0
Product_16 (Category_1),2022-02-28,265.83,278.35,4.28,1.07,0
Product_16 (Category_1),2022-03-31,273.53,312.34,4.08,1.2,0
Product_16 (Category_1),2022-04-30,340.63,380.56,3.67,0.92,0
Product_16 (Category_1),2022-05-31,373.57,116.59,3.86,1.14,0
Product_16 (Category_1),2022-06-30,452.34,319.6,3.49,0.94,0
Product_16 (Category_1),2022-07-31,269.81,356.34,4.04,0.99,0
Product_16 (Category_1),2022-08-31,262.7,92.15,4.33,1.1,0
Product_16 (Category_1),2022-09-30,328.71,303.22,3.38,0.98,0
Product_16 (Category_1),2022-10-31,242.42,452.5,3.58,0.98,0
Product_16 (Category_1),2022-11-30,272.58,264.42,4.19,1.2,0
Product_16 (Category_1),2022-12-31,132.68,190.35,3.6,0.9,0
Product_16 (Category_1),2023-01-31,181.6,393.17,3.57,1.17,0
Product_16 (Category_1),2023-02-28,234.68,340.01,4.23,1.13,0
Product_16 (Category_1),2023-03-31,227.66,495.75,4.07,0.88,1
Product_16 (Category_1),2023-04-30,243.14,81.06,3.28,0.8,1
Product_16 (Category_1),2023-05-31,236.43,365.02,4.07,0.84,0
Product_16 (Category_1),2023-06-30,280.97,61.02,3.44,0.92,0
Product_16 (Category_1),2023-07-31,317.88,52.74,4.34,0.84,0
Product_16 (Category_1),2023-08-31,266.04,115.34,3.19,1.08,0
Product_16 (Category_1),2023-09-30,299.04,181.63,4.51,0.86,0
Product_16 (Category_1),2023-10-31,250.23,148.67,4.6,0.81,0
Product_16 (Category_1),2023-11-30,197.95,373.91,4.29,1.15,0
Product_16 (Category_1),2023-12-31,250.02,286.83,4.41,0.99,0
Product_17 (Category_2),2022-01-31,232.77,172.13,3.75,1.0,0
Product_17 (Category_2),2022-02-28,215.07,386.89,4.08,0.93,0
Product_17 (Category_2),2022-03-31,229.24,427.7,4.08,0.8,0
Product_17 (Category_2),2022-04-30,224.83,212.11,3.85,0.91,0
Product_17 (Category_2),2022-05-31,254.35,245.22,4.1,1.16,0
Product_17 (Category_2),2022-06-30,252.55,272.22,3.71,0.96,0
Product_17 (Category_2),2022-07-31,268.27,484.72,4.62,1.1,1
Product_17 (Category_2),2022-08-31,213.11,401.82,3.84,1.06,0
Product_17 (Category_2),2022-09-30,222.95,244.73,4.3,0.98,0
Product_17 (Category_2),2022-10-31,199.5,395.41,3.93,0.97,0
Product_17 (Category_2),2022-11-30,227.2,262.53,3.43,1.15,0
Product_17 (Category_2),2022-12-31,158.83,111.47,4.41,1.06,0
Product_17 (Category_2),2023-01-31,170.39,370.94,4.82,0.88,0
Product_17 (Category_2),2023-02-28,194.11,100.18,3.92,1.01,0
Product_17 (Category_2),2023-03-31,211.05,271.79,3.5,0.96,0
Product_17 (Category_2),2023-04-30,226.78,483.57,3.87,1.01,0
Product_17 (Category_2),2023-05-31,376.61,284.58,4.36,1.19,0
Product_17 (Category_2),2023-06-30,239.14,169.51,4.1,0.81,0
Product_17 (Category_2),2023-07-31,187.97,217.28,4.13,0.8,0
Product_17 (Category_2),2023-08-31,276.08,256.1,4.34,0.96,0
Product_17 (Category_2),2023-09-30,233.04,267.83,3.6,1.1,0
Product_17 (Category_2),2023-10-31,267.21,84.02,4.03,0.95,0
Product_17 (Category_2),2023-11-30,254.25,401.59,3.5,1.03,0
Product_17 (Category_2),2023-12-31,196.61,353.36,4.79,0.9,0
Product_18 (Category_3),2022-01-31,424.9,77.99,4.31,0.86,0
Product_18 (Category_3),2022-02-28,414.86,481.07,3.92,1.01,0
Product_18 (Category_3),2022-03-31,459.15,173.62,4.11,1.12,0
Product_18 (Category_3),2022-04-30,745.87,124.59,3.96,0.98,0
Product_18 (Category_3),2022-05-31,486.94,482.28,4.29,0.88,1
Product_18 (Category_3),2022-06-30,445.78,246.65,4.23,1.04,0
Product_18 (Category_3),2022-07-31,489.24,390.79,4.01,0.86,0
Product_18 (Category_3),2022-08-31,472.85,349.97,3.35,0.87,0
Product_18 (Category_3),2022-09-30,413.26,54.07,4.0,0.94,1
Product_18 (Category_3),2022-10-31,358.25,194.75,4.3,1.14,0
Product_18 (Category_3),2022-11-30,362.31,266.4,3.97,1.06,0
Product_18 (Category_3),2022-12-31,387.66,496.96,3.91,0.82,0
Product_18 (Category_3),2023-01-31,410.18,463.29,3.7,1.18,0
Product_18 (Category_3),2023-02-28,361.62,303.83,4.4,0.94,0
Product_18 (Category_3),2023-03-31,407.44,149.38,3.52,0.82,0
Product_18 (Category_3),2023-04-30,426.19,477.71,4.34,1.03,0
Product_18 (Category_3),2023-05-31,520.02,177.12,4.05,0.94,0
Product_18 (Category_3),2023-06-30,495.54,401.16,4.46,0.99,0
Product_18 (Category_3),2023-07-31,485.4,199.2,4.18,1.14,0
Product_18 (Category_3),2023-08-31,455.44,414.9,4.1,1.13,0
Product_18 (Category_3),2023-09-30,552.01,118.22,4.6,1.15,0
Product_18 (Category_3),2023-10-31,502.66,107.54,3.96,1.11,0
Product_18 (Category_3),2023-11-30,474.5,487.89,4.02,0.89,0
Product_18 (Category_3),2023-12-31,487.13,383.85,3.43,1.14,0
Product_19 (Category_4),2022-01-31,722.19,455.87,3.43,1.12,1
Product_19 (Category_4),2022-02-28,805.21,347.46,3.14,0.83,0
Product_19 (Category_4),2022-03-31,796.62,312.7,3.72,1.18,0
Product_19 (Category_4),2022-04-30,746.89,371.49,4.4,1.1,0
Product_19 (Category_4),2022-05-31,726.67,469.82,4.08,1.13,0
Product_19 (Category_4),2022-06-30,810.27,362.57,3.96,1.09,0
Product_19 (Category_4),2022-07-31,749.27,205.4,4.27,0.93,1
Product_19 (Category_4),2022-08-31,769.33,302.93,4.47,1.18,0
Product_19 (Category_4),2022-09-30,720.32,380.5,3.73,0.95,0
Product_19 (Category_4),2022-10-31,675.57,155.74,4.23,1.08,0
Product_19 (Category_4),2022-11-30,708.67,438.19,4.02,0.87,0
Product_19 (Category_4),2022-12-31,610.38,439.38,3.86,0.86,0
Product_19 (Category_4),2023-01-31,649.1,408.51,4.4,0.9,0
Product_19 (Category_4),2023-02-28,648.77,179.43,3.68,0.92,0
Product_19 (Category_4),2023-03-31,701.56,232.04,3.57,0.83,0
Product_19 (Category_4),2023-04-30,743.79,199.61,3.67,0.82,0
Product_19 (Category_4),2023-05-31,756.95,334.53,4.57,0.88,0
Product_19 (Category_4),2023-06-30,729.33,174.34,3.74,0.97,1
Product_19 (Category_4),2023-07-31,713.81,486.8,4.04,0.85,0
Product_19 (Category_4),2023-08-31,739.59,205.94,4.85,0.96,0
Product_19 (Category_4),2023-09-30,700.1,179.36,3.94,1.06,1
Product_19 (Category_4),2023-10-31,732.75,91.43,4.09,1.04,0
Product_19 (Category_4),2023-11-30,745.2,324.5,4.51,0.93,0
Product_19 (Category_4),2023-12-31,672.7,314.41,4.14,1.08,0
Product_20 (Category_0),2022-01-31,521.04,149.22,4.03,1.09,0
Product_20 (Category_0),2022-02-28,547.31,274.12,3.44,1.1,0
Product_20 (Category_0),2022-03-31,559.18,280.73,4.15,0.98,1
Product_20 (Category_0),2022-04-30,625.52,365.39,4.27,0.88,0
Product_20 (Category_0),2022-05-31,568.93,57.12,3.88,0.83,1
Product_20 (Category_0),2022-06-30,522.31,318.69,3.81,1.04,0
Product_20 (Category_0),2022-07-31,539.77,272.08,4.45,0.91,0
Product_20 (Category_0),2022-08-31,473.84,494.45,4.05,0.92,0
Product_20 (Category_0),2022-09-30,515.3,200.12,3.71,1.15,1
Product_20 (Category_0),2022-10-31,502.11,337.08,3.88,1.13,0
Product_20 (Category_0),2022-11-30,464.22,238.73,3.76,1.0,0
Product_20 (Category_0),2022-12-31,454.44,233.43,3.34,0.99,0
Product_20 (Category_0),2023-01-31,472.74,55.17,3.5,0.96,1
Product_20 (Category_0),2023-02-28,499.86,474.14,4.04,1.1,0
Product_20 (Category_0),2023-03-31,517.06,53.58,3.88,1.17,0
Product_20 (Category_0),2023-04-30,528.9,84.49,3.57,1.15,0
Product_20 (Category_0),2023-05-31,548.46,334.5,4.3,0.95,0
Product_20 (Category_0),2023-06-30,576.15,84.94,3.86,1.13,0
Product_20 (Category_0),2023-07-31,434.32,205.15,4.11,0.98,0
Product_20 (Category_0),2023-08-31,513.95,374.87,3.47,0.95,0
Product_20 (Category_0),2023-09-30,599.25,289.35,4.21,1.12,0
Product_20 (Category_0),2023-10-31,537.46,379.59,3.11,1.15,0
Product_20 (Category_0),2023-11-30,516.15,145.35,4.1,0.92,0
Product_20 (Category_0),2023-12-31,493.07,387.23,3.39,1.03,1
Product_21 (Category_1),2022-01-31,462.59,389.12,4.86,0.88,0
Product_21 (Category_1),2022-02-28,491.66,475.3,4.03,1.08,0
Product_21 (Category_1),2022-03-31,524.99,280.53,3.98,0.85,0
Product_21 (Category_1),2022-04-30,537.79,435.79,4.67,1.07,0
Product_21 (Category_1),2022-05-31,544.85,446.7,3.53,1.09,0
Product_21 (Category_1),2022-06-30,550.11,141.55,3.95,0.85,0
Product_21 (Category_1),2022-07-31,547.67,232.06,4.02,0.99,0
Product_21 (Category_1),2022-08-31,466.37,68.89,3.66,0.99,0
Product_21 (Category_1),2022-09-30,481.78,491.77,4.59,0.98,0
Product_21 (Category_1),2022-10-31,459.85,81.5,3.71,1.09,0
Product_21 (Category_1),2022-11-30,406.27,70.39,3.3,0.94,1
Product_21 (Category_1),2022-12-31,452.45,217.96,4.15,1.05,0
Product_21 (Category_1),2023-01-31,445.39,241.73,3.71,1.02,0
Product_21 (Category_1),2023-02-28,481.51,56.58,4.39,0.88,0
Product_21 (Category_1),2023-03-31,421.36,225.84,4.65,0.86,0
Product_21 (Category_1),2023-04-30,516.24,433.66,3.82,1.02,0
Product_21 (Category_1),2023-05-31,536.1,223.8,3.67,1.04,0
Product_21 (Category_1),2023-06-30,528.18,301.07,4.43,1.03,0
Product_21 (Category_1),2023-07-31,525.92,243.99,3.97,1.02,0
Product_21 (Category_1),2023-08-31,488.02,287.93,4.37,1.13,0
Product_21 (Category_1),2023-09-30,540.78,78.41,4.25,1.11,0
Product_21 (Category_1),2023-10-31,523.03,117.77,4.41,0.89,0
Product_21 (Category_1),2023-11-30,515.57,420.95,3.9,1.05,0
Product_21 (Category_1),2023-12-31,430.92,281.39,3.84,1.09,0
Product_22 (Category_2),2022-01-31,530.48,186.81,3.41,0.93,1
Product_22 (Category_2),2022-02-28,156.25,56.16,4.55,0.83,0
Product_22 (Category_2),2022-03-31,892.23,189.03,4.24,0.85,0
Product_22 (Category_2),2022-04-30,480.68,225.77,3.24,0.83,0
Product_22 (Category_2),2022-05-31,514.58,310.48,4.2,1.03,0
Product_22 (Category_2),2022-06-30,575.91,334.88,3.25,0.99,0
Product_22 (Category_2),2022-07-31,514.32,472.97,4.56,1.0,1
Product_22 (Category_2),2022-08-31,522.2,99.53,3.82,1.17,0
Product_22 (Category_2),2022-09-30,472.23,81.41,4.03,1.02,0
Product_22 (Category_2),2022-10-31,401.31,69.05,3.81,1.03,0
Product_22 (Category_2),2022-11-30,427.23,61.23,3.8,0.87,0
Product_22 (Category_2),2022-12-31,430.5,337.56,4.13,1.18,0
Product_22 (Category_2),2023-01-31,428.63,85.35,4.52,1.1,0
Product_22 (Category_2),2023-02-28,418.21,153.86,4.09,1.17,0
Product_22 (Category_2),2023-03-31,478.82,275.71,4.82,1.19,0
Product_22 (Category_2),2023-04-30,491.7,106.35,4.1,0.88,0
Product_22 (Category_2),2023-05-31,565.14,473.35,4.7,1.11,0
Product_22 (Category_2),2023-06-30,484.77,351.19,3.37,1.16,0
Product_22 (Category_2),2023-07-31,554.58,125.65,4.68,0.99,0
Product_22 (Category_2),2023-08-31,573.6,288.45,3.61,1.19,0
Product_22 (Category_2),2023-09-30,591.68,148.87,3.39,0.81,0
Product_22 (Category_2),2023-10-31,521.8,488.92,3.5,0.87,0
Product_22 (Category_2),2023-11-30,525.98,423.19,3.86,1.08,0
Product_22 (Category_2),2023-12-31,559.4,186.63,3.94,0.92,0
Product_23 (Category_3),2022-01-31,512.11,213.71,4.49,0.88,0
Product_23 (Category_3),2022-02-28,573.32,394.32,3.48,1.18,0
Product_23 (Category_3),2022-03-31,652.36,301.81,3.8,1.07,0
Product_23 (Category_3),2022-04-30,591.95,364.34,4.12,0.97,0
Product_23 (Category_3),2022-05-31,652.99,280.8,4.04,1.15,0
Product_23 (Category_3),2022-06-30,591.45,175.74,4.09,0.85,0
Product_23 (Category_3),2022-07-31,563.98,232.95,4.59,1.16,0
Product_23 (Category_3),2022-08-31,471.95,403.54,4.47,0.9,1
Product_23 (Category_3),2022-09-30,363.51,307.95,3.56,0.94,1
Product_23 (Category_3),2022-10-31,539.3,315.02,5.0,1.1,0
Product_23 (Category_3),2022-11-30,433.72,154.43,3.73,0.91,0
Product_23 (Category_3),2022-12-31,391.65,476.83,3.61,1.18,0
Product_23 (Category_3),2023-01-31,430.35,52.9,4.68,1.11,0
Product_23 (Category_3),2023-02-28,428.0,366.84,4.81,1.17,0
Product_23 (Category_3),2023-03-31,504.74,393.3,3.86,0.82,0
Product_23 (Category_3),2023-04-30,457.67,398.1,5.0,0.85,0
Product_23 (Category_3),2023-05-31,472.35,201.2,4.35,0.99,0
Product_23 (Category_3),2023-06-30,545.38,139.93,4.78,0.82,0
Product_23 (Category_3),2023-07-31,542.65,435.42,3.29,1.13,1
Product_23 (Category_3),2023-08-31,572.11,244.0,3.59,0.84,0
Product_23 (Category_3),2023-09-30,500.17,182.2,3.38,0.82,0
Product_23 (Category_3),2023-10-31,476.96,183.04,4.27,1.05,0
Product_23 (Category_3),2023-11-30,500.69,202.9,3.88,0.98,0
Product_23 (Category_3),2023-12-31,421.52,407.52,3.03,0.91,0
Product_24 (Category_4),2022-01-31,367.35,124.2,3.89,0.9,0
Product_24 (Category_4),2022-02-28,427.25,460.95,3.0,0.88,0
Product_24 (Category_4),2022-03-31,486.69,172.87,4.36,0.87,0
Product_24 (Category_4),2022-04-30,534.22,162.26,3.94,1.09,0
Product_24 (Category_4),2022-05-31,486.31,184.49,4.51,0.84,0
Product_24 (Category_4),2022-06-30,510.75,438.41,4.31,1.13,0
Product_24 (Category_4),2022-07-31,500.7,477.45,3.63,0.85,0
Product_24 (Category_4),2022-08-31,482.18,209.81,4.69,0.82,0
Product_24 (Category_4),2022-09-30,494.06,234.89,4.11,1.02,1
Product_24 (Category_4),2022-10-31,435.07,94.43,3.64,0.83,0
Product_24 (Category_4),2022-11-30,348.44,453.06,4.22,1.11,0
Product_24 (Category_4),2022-12-31,371.89,442.9,4.24,1.12,0
Product_24 (Category_4),2023-01-31,373.93,407.11,3.24,0.81,0
Product_24 (Category_4),2023-02-28,406.63,148.22,3.77,1.2,0
Product_24 (Category_4),2023-03-31,454.57,385.33,4.15,0.83,0
Product_24 (Category_4),2023-04-30,436.06,425.57,4.1,0.94,1
Product_24 (Category_4),2023-05-31,500.74,309.41,3.87,1.1,0
Product_24 (Category_4),2023-06-30,528.34,239.34,4.11,1.04,1
Product_24 (Category_4),2023-07-31,593.25,328.66,3.38,0.93,1
Product_24 (Category_4),2023-08-31,562.62,280.54,3.62,1.11,0
Product_24 (Category_4),2023-09-30,547.89,356.61,4.34,1.18,0
Product_24 (Category_4),2023-10-31,599.56,483.02,3.93,0.98,0
Product_24 (Category_4),2023-11-30,825.46,147.63,4.15,0.92,0
Product_24 (Category_4),2023-12-31,508.94,283.22,3.73,1.08,0
Product_25 (Category_0),2022-01-31,302.32,192.46,3.67,0.91,0
Product_25 (Category_0),2022-02-28,358.13,452.12,2.94,1.06,0
Product_25 (Category_0),2022-03-31,400.12,395.66,3.87,1.0,0
Product_25 (Category_0),2022-04-30,371.52,455.71,4.18,0.89,0
Product_25 (Category_0),2022-05-31,440.49,363.51,4.42,0.93,0
Product_25 (Category_0),2022-06-30,423.07,248.26,4.15,0.85,0
Product_25 (Category_0),2022-07-31,440.69,498.93,3.88,0.88,0
Product_25 (Category_0),2022-08-31,341.73,79.56,3.69,1.15,0
Product_25 (Category_0),2022-09-30,347.88,249.01,3.47,1.12,0
Product_25 (Category_0),2022-10-31,347.86,73.58,3.72,0.86,0
Product_25 (Category_0),2022-11-30,313.04,476.71,3.74,0.92,0
Product_25 (Category_0),2022-12-31,276.45,436.08,3.99,1.09,1
Product_25 (Category_0),2023-01-31,96.58,363.97,3.59,0.95,0
Product_25 (Category_0),2023-02-28,359.69,388.15,4.65,0.85,0
Product_25 (Category_0),2023-03-31,297.96,123.5,3.58,0.89,0
Product_25 (Category_0),2023-04-30,282.38,175.89,4.43,0.93,0
Product_25 (Category_0),2023-05-31,373.38,267.98,4.46,1.08,0
Product_25 (Category_0),2023-06-30,349.92,459.86,3.52,1.02,0
Product_25 (Category_0),2023-07-31,354.36,127.08,3.88,1.13,0
Product_25 (Category_0),2023-08-31,369.99,489.21,4.37,0.94,0
Product_25 (Category_0),2023-09-30,408.65,405.73,4.17,0.86,0
Product_25 (Category_0),2023-10-31,370.72,290.82,3.81,0.83,0
Product_25 (Category_0),2023-11-30,341.56,277.08,3.77,0.85,0
Product_25 (Category_0),2023-12-31,316.64,337.06,4.8,1.19,0
Product_26 (Category_1),2022-01-31,337.27,340.19,5.0,0.81,0
Product_26 (Category_1),2022-02-28,384.42,164.11,5.0,0.99,0
Product_26 (Category_1),2022-03-31,428.6,406.16,4.32,1.04,0
Product_26 (Category_1),2022-04-30,393.65,483.72,3.86,0.85,0
Product_26 (Category_1),2022-05-31,382.73,58.27,3.83,0.99,1
Product_26 (Category_1),2022-06-30,440.68,162.99,4.66,1.06,0
Product_26 (Category_1),2022-07-31,362.79,498.61,4.17,0.87,0
Product_26 (Category_1),2022-08-31,389.09,428.91,4.24,0.99,0
Product_26 (Category_1),2022-09-30,318.67,335.04,4.89,1.12,0
Product_26 (Category_1),2022-10-31,254.4,61.11,4.16,0.95,0
Product_26 (Category_1),2022-11-30,273.12,438.35,3.84,0.86,0
Product_26 (Category_1),2022-12-31,278.11,497.49,4.35,1.04,0
Product_26 (Category_1),2023-01-31,290.07,164.14,4.92,1.1,0
Product_26 (Category_1),2023-02-28,238.97,249.06,3.81,0.82,0
Product_26 (Category_1),2023-03-31,291.87,465.91,3.88,0.98,0
Product_26 (Category_1),2023-04-30,254.05,179.71,4.39,0.92,0
Product_26 (Category_1),2023-05-31,312.15,91.44,4.09,1.13,0
Product_26 (Category_1),2023-06-30,378.22,415.52,4.46,0.95,0
Product_26 (Category_1),2023-07-31,377.88,266.02,3.33,0.86,0
Product_26 (Category_1),2023-08-31,400.07,89.44,4.16,0.83,0
Product_26 (Category_1),2023-09-30,389.1,193.24,3.0,1.0,0
Product_26 (Category_1),2023-10-31,349.92,382.33,4.71,1.07,0
Product_26 (Category_1),2023-11-30,375.95,241.67,3.69,1.2,0
Product_26 (Category_1),2023-12-31,354.06,188.39,4.37,1.0,0
Product_27 (Category_2),2022-01-31,367.29,397.18,3.52,1.06,0
Product_27 (Category_2),2022-02-28,399.04,71.64,3.98,0.92,1
Product_27 (Category_2),2022-03-31,420.94,319.37,3.24,1.06,0
Product_27 (Category_2),2022-04-30,422.2,452.14,4.07,0.83,1
Product_27 (Category_2),2022-05-31,492.76,201.79,4.37,1.18,0
Product_27 (Category_2),2022-06-30,446.68,484.95,4.44,1.05,1
Product_27 (Category_2),2022-07-31,425.85,297.71,3.27,1.12,0
Product_27 (Category_2),2022-08-31,475.58,260.03,3.74,0.83,0
Product_27 (Category_2),2022-09-30,400.61,101.36,4.0,1.18,0
Product_27 (Category_2),2022-10-31,462.73,255.85,4.74,0.96,0
Product_27 (Category_2),2022-11-30,389.1,138.94,4.21,0.87,0
Product_27 (Category_2),2022-12-31,380.77,354.03,3.75,0.82,0
Product_27 (Category_2),2023-01-31,387.48,102.42,3.87,0.9,0
Product_27 (Category_2),2023-02-28,448.91,116.76,4.85,0.87,0
Product_27 (Category_2),2023-03-31,430.78,326.48,4.47,1.01,0
Product_27 (Category_2),2023-04-30,419.41,191.75,4.01,1.12,1
Product_27 (Category_2),2023-05-31,456.34,355.32,3.69,0.93,1
Product_27 (Category_2),2023-06-30,552.44,410.76,3.21,0.99,0
Product_27 (Category_2),2023-07-31,342.0,328.07,3.76,0.94,0
Product_27 (Category_2),2023-08-31,474.01,324.67,4.44,0.81,0
Product_27 (Category_2),2023-09-30,528.78,388.46,3.32,1.16,0
Product_27 (Category_2),2023-10-31,488.0,169.01,3.87,1.0,0
Product_27 (Category_2),2023-11-30,517.18,250.42,4.37,0.81,0
Product_27 (Category_2),2023-12-31,496.67,56.45,3.41,0.99,0
Product_28 (Category_3),2022-01-31,347.63,294.35,3.75,0.95,0
Product_28 (Category_3),2022-02-28,651.58,319.1,4.41,0.95,0
Product_28 (Category_3),2022-03-31,777.79,137.37,4.29,0.99,0
Product_28 (Category_3),2022-04-30,718.62,140.83,4.0,0.9,0
Product_28 (Category_3),2022-05-31,735.28,456.24,4.26,1.01,0
Product_28 (Category_3),2022-06-30,676.69,253.2,5.0,1.17,1
Product_28 (Category_3),2022-07-31,720.31,124.73,4.56,0.82,0
Product_28 (Category_3),2022-08-31,667.89,352.58,3.75,0.87,0
Product_28 (Category_3),2022-09-30,637.92,343.84,4.73,1.03,0
Product_28 (Category_3),2022-10-31,645.57,101.64,4.03,1.0,0
Product_28 (Category_3),2022-11-30,574.76,314.46,4.25,0.84,0
Product_28 (Category_3),2022-12-31,664.07,341.36,3.5,1.14,0
Product_28 (Category_3),2023-01-31,674.01,382.86,3.91,1.04,0
Product_28 (Category_3),2023-02-28,597.59,379.2,4.41,0.95,0
Product_28 (Category_3),2023-03-31,644.1,256.84,4.39,1.07,0
Product_28 (Category_3),2023-04-30,664.32,396.01,3.72,1.2,0
Product_28 (Category_3),2023-05-31,633.25,107.41,4.94,0.96,0
Product_28 (Category_3),2023-06-30,735.83,315.06,4.53,1.18,0
Product_28 (Category_3),2023-07-31,691.75,191.75,4.29,0.89,0
Product_28 (Category_3),2023-08-31,727.18,69.49,3.17,1.08,0
Product_28 (Category_3),2023-09-30,691.37,280.93,3.81,0.85,0
Product_28 (Category_3),2023-10-31,690.65,193.57,4.28,0.97,1
Product_28 (Category_3),2023-11-30,691.13,97.1,3.69,0.85,0
Product_28 (Category_3),2023-12-31,649.32,164.13,3.84,1.06,0
Product_29 (Category_4),2022-01-31,362.59,243.35,4.2,1.1,1
Product_29 (Category_4),2022-02-28,322.55,139.39,3.6,0.9,0
Product_29 (Category_4),2022-03-31,305.44,326.94,4.93,0.83,0
Product_29 (Category_4),2022-04-30,402.12,177.48,4.05,0.96,0
Product_29 (Category_4),2022-05-31,395.05,469.74,4.3,0.81,0
Product_29 (Category_4),2022-06-30,429.04,348.36,3.26,1.07,1
Product_29 (Category_4),2022-07-31,322.51,445.89,4.5,0.82,0
Product_29 (Category_4),2022-08-31,315.12,112.16,3.64,1.14,0
Product_29 (Category_4),2022-09-30,349.87,392.0,3.6,0.93,0
Product_29 (Category_4),2022-10-31,314.78,470.54,4.06,0.92,0
Product_29 (Category_4),2022-11-30,274.54,352.27,3.86,1.09,0
Product_29 (Category_4),2022-12-31,239.87,242.36,4.02,1.06,0
Product_29 (Category_4),2023-01-31,253.7,139.38,3.68,1.11,1
Product_29 (Category_4),2023-02-28,319.08,430.76,4.13,0.87,1
Product_29 (Category_4),2023-03-31,302.7,268.78,3.91,0.84,0
Product_29 (Category_4),2023-04-30,339.56,186.11,4.11,1.14,0
Product_29 (Category_4),2023-05-31,360.12,475.26,3.59,1.07,0
Product_29 (Category_4),2023-06-30,365.01,103.98,5.0,0.92,0
Product_29 (Category_4),2023-07-31,405.74,388.32,3.37,1.12,1
Product_29 (Category_4),2023-08-31,405.45,354.98,4.44,0.9,0
Product_29 (Category_4),2023-09-30,375.6,263.96,3.92,1.14,0
Product_29 (Category_4),2023-10-31,372.13,135.14,4.61,1.09,0
Product_29 (Category_4),2023-11-30,394.17,423.3,3.92,1.08,0
Product_29 (Category_4),2023-12-31,379.28,213.34,4.53,1.15,0
Product_30 (Category_0),2022-01-31,242.88,438.12,3.71,0.89,0
Product_30 (Category_0),2022-02-28,287.91,497.96,4.17,1.16,0
Product_30 (Category_0),2022-03-31,155.67,127.22,3.16,0.87,0
Product_30 (Category_0),2022-04-30,315.4,228.54,3.94,0.99,0
Product_30 (Category_0),2022-05-31,270.81,234.82,5.0,1.13,0
Product_30 (Category_0),2022-06-30,301.05,174.59,4.2,0.82,1
Product_30 (Category_0),2022-07-31,274.04,430.54,4.55,0.9,0
Product_30 (Category_0),2022-08-31,237.97,437.93,5.0,0.84,0
Product_30 (Category_0),2022-09-30,244.99,388.78,3.72,1.09,0
Product_30 (Category_0),2022-10-31,203.5,188.47,3.5,0.9,0
Product_30 (Category_0),2022-11-30,120.3,387.22,4.39,1.17,0
Product_30 (Category_0),2022-12-31,106.5,331.1,4.47,0.83,0
Product_30 (Category_0),2023-01-31,174.88,444.85,4.28,1.11,0
Product_30 (Category_0),2023-02-28,163.17,175.75,3.07,1.11,0
Product_30 (Category_0),2023-03-31,158.5,290.6,4.32,1.14,0
Product_30 (Category_0),2023-04-30,210.07,133.21,3.44,0.97,0
Product_30 (Category_0),2023-05-31,217.49,489.87,3.0,1.12,0
Product_30 (Category_0),2023-06-30,264.23,369.0,4.48,1.2,0
Product_30 (Category_0),2023-07-31,433.79,196.83,4.5,0.81,0
Product_30 (Category_0),2023-08-31,361.26,112.55,3.92,0.98,0
Product_30 (Category_0),2023-09-30,292.35,411.34,4.0,1.19,0
Product_30 (Category_0),2023-10-31,269.79,316.5,4.79,1.08,0
Product_30 (Category_0),2023-11-30,259.77,235.04,4.51,1.07,0
Product_30 (Category_0),2023-12-31,185.44,133.68,4.33,1.18,0
Product_31 (Category_1),2022-01-31,249.91,102.12,4.23,1.08,0
Product_31 (Category_1),2022-02-28,334.97,264.98,4.08,0.99,0
Product_31 (Category_1),2022-03-31,271.15,289.0,5.0,1.1,0
Product_31 (Category_1),2022-04-30,370.61,466.84,4.34,1.05,0
Product_31 (Category_1),2022-05-31,270.76,241.7,4.16,1.19,0
Product_31 (Category_1),2022-06-30,309.78,286.74,4.35,1.1,0
Product_31 (Category_1),2022-07-31,212.94,220.2,2.85,1.01,0
Product_31 (Category_1),2022-08-31,220.46,309.1,3.93,1.14,0
Product_31 (Category_1),2022-09-30,157.98,294.79,4.11,0.89,0
Product_31 (Category_1),2022-10-31,183.41,204.28,3.71,0.84,0
Product_31 (Category_1),2022-11-30,102.12,249.7,4.4,0.91,0
Product_31 (Category_1),2022-12-31,85.98,319.72,4.53,0.88,0
Product_31 (Category_1),2023-01-31,112.35,312.41,3.91,1.03,0
Product_31 (Category_1),2023-02-28,81.53,442.68,4.0,0.83,0
Product_31 (Category_1),2023-03-31,176.27,423.22,3.3,0.88,1
Product_31 (Category_1),2023-04-30,172.42,190.49,3.13,1.09,0
Product_31 (Category_1),2023-05-31,178.9,295.07,4.52,0.82,0
Product_31 (Category_1),2023-06-30,303.05,258.89,3.09,1.05,0
Product_31 (Category_1),2023-07-31,276.2,318.4,3.88,0.99,0
Product_31 (Category_1),2023-08-31,298.02,228.1,3.52,1.05,0
Product_31 (Category_1),2023-09-30,290.08,328.23,4.27,1.07,0
Product_31 (Category_1),2023-10-31,247.76,59.94,3.95,0.94,0
Product_31 (Category_1),2023-11-30,245.07,435.63,3.68,1.18,0
Product_31 (Category_1),2023-12-31,184.49,189.24,4.55,1.17,0
Product_32 (Category_2),2022-01-31,565.85,196.62,4.54,0.88,0
Product_32 (Category_2),2022-02-28,577.27,87.92,3.81,0.94,0
Product_32 (Category_2),2022-03-31,586.21,405.06,4.37,0.85,0
Product_32 (Category_2),2022-04-30,622.8,426.44,4.06,1.08,1
Product_32 (Category_2),2022-05-31,538.1,363.29,3.55,0.88,0
Product_32 (Category_2),2022-06-30,580.9,267.02,4.27,0.82,0
Product_32 (Category_2),2022-07-31,568.71,312.21,4.15,0.85,0
Product_32 (Category_2),2022-08-31,520.3,269.25,3.5,0.81,0
Product_32 (Category_2),2022-09-30,499.67,377.61,3.79,1.13,0
Product_32 (Category_2),2022-10-31,508.88,435.2,2.79,1.1,0
Product_32 (Category_2),2022-11-30,446.16,376.11,3.6,1.13,0
Product_32 (Category_2),2022-12-31,486.93,78.4,3.75,0.93,0
Product_32 (Category_2),2023-01-31,461.93,255.91,3.58,0.99,0
Product_32 (Category_2),2023-02-28,515.98,101.41,3.93,0.9,0
Product_32 (Category_2),2023-03-31,484.81,406.37,4.19,0.96,0
Product_32 (Category_2),2023-04-30,505.08,474.7,4.88,0.9,0
Product_32 (Category_2),2023-05-31,532.48,205.79,4.16,1.06,0
Product_32 (Category_2),2023-06-30,501.21,231.91,4.21,1.2,0
Product_32 (Category_2),2023-07-31,459.21,282.74,4.07,1.14,0
Product_32 (Category_2),2023-08-31,494.16,126.39,3.59,0.84,0
Product_32 (Category_2),2023-09-30,513.58,124.07,3.37,0.83,0
Product_32 (Category_2),2023-10-31,469.08,388.3,4.02,1.16,0
Product_32 (Category_2),2023-11-30,496.32,54.75,4.39,0.96,0
Product_32 (Category_2),2023-12-31,453.59,291.8,4.21,0.88,0
Product_33 (Category_3),2022-01-31,587.91,185.43,4.56,0.87,0
Product_33 (Category_3),2022-02-28,590.35,68.15,3.34,0.93,0
Product_33 (Category_3),2022-03-31,200.96,396.08,3.82,0.97,0
Product_33 (Category_3),2022-04-30,623.12,448.36,3.89,0.83,0
Product_33 (Category_3),2022-05-31,617.51,110.16,3.81,1.17,0
Product_33 (Category_3),2022-06-30,545.61,472.18,4.71,0.91,0
Product_33 (Category_3),2022-07-31,587.85,382.35,3.71,0.83,0
Product_33 (Category_3),2022-08-31,599.23,489.48,4.44,0.95,0
Product_33 (Category_3),2022-09-30,540.22,476.46,4.12,0.89,0
Product_33 (Category_3),2022-10-31,581.13,250.06,3.23,1.1,0
Product_33 (Category_3),2022-11-30,517.45,125.61,3.05,0.94,0
Product_33 (Category_3),2022-12-31,547.34,118.28,4.1,1.04,0
Product_33 (Category_3),2023-01-31,494.65,277.09,4.83,0.8,0
Product_33 (Category_3),2023-02-28,515.69,490.56,3.81,0.97,0
Product_33 (Category_3),2023-03-31,543.41,409.01,4.82,1.15,0
Product_33 (Category_3),2023-04-30,544.56,363.72,3.95,0.83,0
Product_33 (Category_3),2023-05-31,544.15,237.72,3.63,1.15,0
Product_33 (Category_3),2023-06-30,529.56,487.33,4.04,1.01,0
Product_33 (Category_3),2023-07-31,540.85,136.7,4.4,0.85,0
Product_33 (Category_3),2023-08-31,508.5,124.78,3.92,0.93,1
Product_33 (Category_3),2023-09-30,551.16,130.62,4.15,1.16,0
Product_33 (Category_3),2023-10-31,807.44,176.82,3.75,0.87,0
Product_33 (Category_3),2023-11-30,530.56,322.65,3.45,0.97,0
Product_33 (Category_3),2023-12-31,516.43,290.99,4.47,0.99,0
Product_34 (Category_4),2022-01-31,299.18,168.22,4.06,0.99,0
Product_34 (Category_4),2022-02-28,300.91,314.43,4.43,1.13,0
Product_34 (Category_4),2022-03-31,271.21,78.76,4.67,0.83,0
Product_34 (Category_4),2022-04-30,357.47,226.81,3.88,0.9,0
Product_34 (Category_4),2022-05-31,321.01,355.87,4.08,1.03,0
Product_34 (Category_4),2022-06-30,355.16,386.91,4.17,0.89,0
Product_34 (Category_4),2022-07-31,298.82,93.64,3.85,0.82,0
Product_34 (Category_4),2022-08-31,253.77,182.94,3.85,0.84,0
Product_34 (Category_4),2022-09-30,260.75,56.15,4.17,1.16,0
Product_34 (Category_4),2022-10-31,232.57,281.24,3.91,1.12,0
Product_34 (Category_4),2022-11-30,238.58,156.2,3.63,0.86,0
Product_34 (Category_4),2022-12-31,249.29,85.82,4.02,1.08,0
Product_34 (Category_4),2023-01-31,201.87,466.62,3.21,1.06,0
Product_34 (Category_4),2023-02-28,232.09,373.18,3.21,0.85,0
Product_34 (Category_4),2023-03-31,284.99,426.85,4.07,0.93,0
Product_34 (Category_4),2023-04-30,223.62,103.79,3.62,0.89,0
Product_34 (Category_4),2023-05-31,385.88,71.56,3.7,1.18,0
Product_34 (Category_4),2023-06-30,313.0,285.12,4.04,1.06,0
Product_34 (Category_4),2023-07-31,273.58,53.49,2.8,1.0,1
Product_34 (Category_4),2023-08-31,326.91,416.66,3.55,0.97,0
Product_34 (Category_4),2023-09-30,252.16,81.02,4.18,0.99,0
Product_34 (Category_4),2023-10-31,234.98,392.15,4.47,1.09,0
Product_34 (Category_4),2023-11-30,243.08,249.98,4.51,0.92,0
Product_34 (Category_4),2023-12-31,217.91,91.17,3.18,1.1,0
Product_35 (Category_0),2022-01-31,618.4,198.22,3.95,1.08,0
Product_35 (Category_0),2022-02-28,607.63,250.85,4.45,1.09,0
Product_35 (Category_0),2022-03-31,651.05,324.36,3.42,1.17,0
Product_35 (Category_0),2022-04-30,583.34,263.5,4.25,0.93,0
Product_35 (Category_0),2022-05-31,690.91,283.44,4.51,0.82,0
Product_35 (Category_0),2022-06-30,600.08,276.86,3.72,0.93,0
Product_35 (Category_0),2022-07-31,633.15,97.8,4.36,1.11,0
Product_35 (Category_0),2022-08-31,620.79,425.45,3.59,1.03,0
Product_35 (Category_0),2022-09-30,585.4,337.53,4.02,0.83,0
Product_35 (Category_0),2022-10-31,558.48,361.24,4.07,1.12,0
Product_35 (Category_0),2022-11-30,511.98,98.02,5.0,1.06,0
Product_35 (Category_0),2022-12-31,557.85,100.58,4.1,0.82,0
Product_35 (Category_0),2023-01-31,555.39,474.34,3.28,1.04,0
Product_35 (Category_0),2023-02-28,587.24,173.79,3.73,1.06,0
Product_35 (Category_0),2023-03-31,554.87,468.8,3.52,0.81,0
Product_35 (Category_0),2023-04-30,602.68,341.3,4.54,0.85,0
Product_35 (Category_0),2023-05-31,590.96,67.98,4.42,0.94,0
Product_35 (Category_0),2023-06-30,580.38,242.1,3.97,0.99,1
Product_35 (Category_0),2023-07-31,611.82,79.72,3.03,1.19,0
Product_35 (Category_0),2023-08-31,645.48,348.0,3.46,1.09,0
Product_35 (Category_0),2023-09-30,611.87,67.91,3.58,1.04,0
Product_35 (Category_0),2023-10-31,541.61,84.64,2.88,1.07,0
Product_35 (Category_0),2023-11-30,621.39,444.7,3.86,0.9,0
Product_35 (Category_0),2023-12-31,592.51,71.94,4.34,1.14,0
Product_36 (Category_1),2022-01-31,431.79,134.7,4.17,0.87,0
Product_36 (Category_1),2022-02-28,486.26,418.77,3.7,0.93,0
Product_36 (Category_1),2022-03-31,517.28,311.34,4.7,1.1,0
Product_36 (Category_1),2022-04-30,476.76,108.44,3.83,1.07,0
Product_36 (Category_1),2022-05-31,471.89,97.54,4.23,1.13,0
Product_36 (Category_1),2022-06-30,526.15,425.51,4.49,0.82,0
Product_36 (Category_1),2022-07-31,526.29,191.37,3.32,1.18,0
Product_36 (Category_1),2022-08-31,506.3,129.15,3.59,0.89,0
Product_36 (Category_1),2022-09-30,466.93,391.54,3.81,1.0,1
Product_36 (Category_1),2022-10-31,434.38,120.54,4.34,1.07,0
Product_36 (Category_1),2022-11-30,449.45,232.46,3.07,1.19,0
Product_36 (Category_1),2022-12-31,487.88,163.55,3.02,1.17,0
Product_36 (Category_1),2023-01-31,472.46,458.14,3.63,0.87,1
Product_36 (Category_1),2023-02-28,474.73,185.71,4.19,0.88,0
Product_36 (Category_1),2023-03-31,521.42,113.62,3.82,0.85,0
Product_36 (Category_1),2023-04-30,534.02,291.77,3.37,1.07,0
Product_36 (Category_1),2023-05-31,536.41,306.27,3.94,1.13,1
Product_36 (Category_1),2023-06-30,552.26,490.98,4.6,1.19,0
Product_36 (Category_1),2023-07-31,523.37,401.31,4.07,1.16,0
Product_36 (Category_1),2023-08-31,482.18,189.67,3.03,1.1,1
Product_36 (Category_1),2023-09-30,538.05,381.84,3.94,0.9,0
Product_36 (Category_1),2023-10-31,463.23,374.47,4.36,0.9,0
Product_36 (Category_1),2023-11-30,491.82,420.35,4.18,0.89,0
Product_36 (Category_1),2023-12-31,485.38,57.61,4.11,1.16,0
Product_37 (Category_2),2022-01-31,563.93,156.56,3.58,0.83,0
Product_37 (Category_2),2022-02-28,545.98,284.78,3.93,0.89,0
Product_37 (Category_2),2022-03-31,557.52,229.74,3.88,0.97,0
Product_37 (Category_2),2022-04-30,597.45,377.36,3.54,1.11,0
Product_37 (Category_2),2022-05-31,565.28,325.01,3.99,1.19,0
Product_37 (Category_2),2022-06-30,542.22,312.01,4.0,0.92,0
Product_37 (Category_2),2022-07-31,537.78,225.63,4.45,1.16,0
Product_37 (Category_2),2022-08-31,525.34,119.49,3.9,1.05,0
Product_37 (Category_2),2022-09-30,465.37,205.37,3.14,0.87,0
Product_37 (Category_2),2022-10-31,469.02,204.52,4.62,0.81,0
Product_37 (Category_2),2022-11-30,382.88,286.32,4.99,0.88,0
Product_37 (Category_2),2022-12-31,360.42,208.27,3.79,0.98,0
Product_37 (Category_2),2023-01-31,437.36,63.13,4.31,1.02,0
Product_37 (Category_2),2023-02-28,405.5,248.68,4.95,0.85,0
Product_37 (Category_2),2023-03-31,473.81,328.44,4.34,0.83,0
Product_37 (Category_2),2023-04-30,452.66,269.07,4.63,1.17,0
Product_37 (Category_2),2023-05-31,454.2,468.47,3.93,0.98,0
Product_37 (Category_2),2023-06-30,516.48,433.91,3.68,1.17,1
Product_37 (Category_2),2023-07-31,527.6,434.82,3.96,0.94,0
Product_37 (Category_2),2023-08-31,490.83,483.0,3.68,1.19,0
Product_37 (Category_2),2023-09-30,509.99,279.12,3.9,0.81,0
Product_37 (Category_2),2023-10-31,317.02,410.24,4.01,1.14,0
Product_37 (Category_2),2023-11-30,477.06,96.64,4.32,1.08,0
Product_37 (Category_2),2023-12-31,454.42,342.55,3.97,1.1,0
Product_38 (Category_3),2022-01-31,672.13,102.09,4.16,1.14,0
Product_38 (Category_3),2022-02-28,746.54,203.66,4.55,0.89,0
Product_38 (Category_3),2022-03-31,732.48,116.53,4.02,1.18,0
Product_38 (Category_3),2022-04-30,733.09,173.09,3.95,0.96,1
Product_38 (Category_3),2022-05-31,670.22,365.61,4.01,0.81,0
Product_38 (Category_3),2022-06-30,727.7,456.44,3.93,1.09,0
Product_38 (Category_3),2022-07-31,717.36,144.59,3.76,0.93,0
Product_38 (Category_3),2022-08-31,684.42,323.5,4.22,0.83,0
Product_38 (Category_3),2022-09-30,634.78,64.1,4.29,0.85,0
Product_38 (Category_3),2022-10-31,689.28,439.9,3.58,1.01,0
Product_38 (Category_3),2022-11-30,632.53,50.28,3.48,1.19,1
Product_38 (Category_3),2022-12-31,649.56,95.85,3.6,0.81,0
Product_38 (Category_3),2023-01-31,659.35,93.49,4.3,0.91,0
Product_38 (Category_3),2023-02-28,639.21,238.05,4.62,0.82,0
Product_38 (Category_3),2023-03-31,656.0,433.93,3.49,1.03,0
Product_38 (Category_3),2023-04-30,602.1,211.43,3.8,1.01,0
Product_38 (Category_3),2023-05-31,710.48,202.38,3.72,0.82,0
Product_38 (Category_3),2023-06-30,690.16,463.0,4.13,1.16,0
Product_38 (Category_3),2023-07-31,702.95,397.93,4.02,0.84,0
Product_38 (Category_3),2023-08-31,649.65,360.31,3.87,1.15,0
Product_38 (Category_3),2023-09-30,720.23,197.94,3.39,0.91,0
Product_38 (Category_3),2023-10-31,709.93,84.48,3.54,1.07,0
Product_38 (Category_3),2023-11-30,700.16,475.39,3.52,1.17,0
Product_38 (Category_3),2023-12-31,673.68,132.6,4.48,1.13,0
Product_39 (Category_4),2022-01-31,492.41,295.17,3.9,0.91,0
Product_39 (Category_4),2022-02-28,482.75,101.14,4.07,0.8,1
Product_39 (Category_4),2022-03-31,514.1,185.03,4.74,0.86,0
Product_39 (Category_4),2022-04-30,531.83,84.87,4.8,0.81,0
Product_39 (Category_4),2022-05-31,533.25,410.82,4.29,0.99,0
Product_39 (Category_4),2022-06-30,530.67,125.65,4.2,1.0,0
Product_39 (Category_4),2022-07-31,511.17,293.1,4.31,0.82,0
Product_39 (Category_4),2022-08-31,467.87,426.24,4.21,0.86,0
Product_39 (Category_4),2022-09-30,425.09,270.03,3.64,0.96,1
Product_39 (Category_4),2022-10-31,429.12,426.4,4.08,1.0,0
Product_39 (Category_4),2022-11-30,415.39,193.47,3.75,1.04,0
Product_39 (Category_4),2022-12-31,437.79,183.75,4.31,0.85,0
Product_39 (Category_4),2023-01-31,456.64,471.87,4.3,1.08,0
Product_39 (Category_4),2023-02-28,416.82,82.64,4.25,1.08,0
Product_39 (Category_4),2023-03-31,425.31,476.54,4.13,0.9,0
Product_39 (Category_4),2023-04-30,467.24,105.49,3.67,0.96,0
Product_39 (Category_4),2023-05-31,476.95,214.95,4.19,0.95,0
Product_39 (Category_4),2023-06-30,482.93,215.02,4.3,0.84,0
Product_39 (Category_4),2023-07-31,564.25,460.1,3.07,1.02,0
Product_39 (Category_4),2023-08-31,543.15,342.83,4.5,1.15,0
Product_39 (Category_4),2023-09-30,530.6,383.23,3.55,1.1,0
Product_39 (Category_4),2023-10-31,535.81,88.76,4.44,0.99,0
Product_39 (Category_4),2023-11-30,496.61,297.44,3.88,1.05,0
Product_39 (Category_4),2023-12-31,465.4,433.19,3.86,0.86,1
Product_40 (Category_0),2022-01-31,486.17,343.73,4.6,0.9,0
Product_40 (Category_0),2022-02-28,447.44,303.19,3.77,1.1,0
Product_40 (Category_0),2022-03-31,475.93,244.45,4.1,1.19,0
Product_40 (Category_0),2022-04-30,468.71,193.87,3.94,1.15,0
Product_40 (Category_0),2022-05-31,465.24,190.18,3.79,1.11,0
Product_40 (Category_0),2022-06-30,444.07,249.41,4.65,0.95,0
Product_40 (Category_0),2022-07-31,444.38,285.91,4.57,1.07,0
Product_40 (Category_0),2022-08-31,460.87,309.73,4.14,1.06,0
Product_40 (Category_0),2022-09-30,542.85,211.74,4.31,0.83,0
Product_40 (Category_0),2022-10-31,422.44,73.72,2.8,0.82,0
Product_40 (Category_0),2022-11-30,398.01,385.14,4.03,0.87,0
Product_40 (Category_0),2022-12-31,418.5,340.36,3.58,1.06,0
Product_40 (Category_0),2023-01-31,481.72,491.0,3.84,1.04,0
Product_40 (Category_0),2023-02-28,462.46,464.35,3.74,1.19,0
Product_40 (Category_0),2023-03-31,475.47,79.2,4.2,0.99,0
Product_40 (Category_0),2023-04-30,551.59,210.55,3.38,0.87,0
Product_40 (Category_0),2023-05-31,648.26,470.99,4.63,1.16,0
Product_40 (Category_0),2023-06-30,515.18,288.52,4.45,0.81,0
Product_40 (Category_0),2023-07-31,545.5,384.19,5.0,0.91,0
Product_40 (Category_0),2023-08-31,569.96,362.03,3.74,1.2,0
Product_40 (Category_0),2023-09-30,508.04,435.63,3.05,1.07,0
Product_40 (Category_0),2023-10-31,429.22,191.56,4.37,1.0,1
Product_40 (Category_0),2023-11-30,516.2,139.62,4.52,0.97,0
Product_40 (Category_0),2023-12-31,522.34,494.77,4.8,0.99,0
Product_41 (Category_1),2022-01-31,399.29,374.65,3.22,1.18,0
Product_41 (Category_1),2022-02-28,422.12,298.72,4.74,0.85,0
Product_41 (Category_1),2022-03-31,466.06,485.97,5.0,0.99,0
Product_41 (Category_1),2022-04-30,397.38,457.99,3.65,0.88,0
Product_41 (Category_1),2022-05-31,449.46,169.35,3.83,1.07,1
Product_41 (Category_1),2022-06-30,416.27,470.31,4.03,1.11,0
Product_41 (Category_1),2022-07-31,420.16,371.28,4.04,1.17,0
Product_41 (Category_1),2022-08-31,204.17,316.62,4.04,0.99,0
Product_41 (Category_1),2022-09-30,356.6,222.62,3.99,0.97,0
Product_41 (Category_1),2022-10-31,277.49,147.96,3.17,1.19,0
Product_41 (Category_1),2022-11-30,249.89,86.03,4.31,0.99,0
Product_41 (Category_1),2022-12-31,268.82,461.81,4.33,1.14,0
Product_41 (Category_1),2023-01-31,262.8,409.59,4.21,1.0,0
Product_41 (Category_1),2023-02-28,244.14,145.31,3.72,1.12,0
Product_41 (Category_1),2023-03-31,266.94,428.73,4.53,1.02,1
Product_41 (Category_1),2023-04-30,333.39,449.72,3.41,0.98,0
Product_41 (Category_1),2023-05-31,340.03,88.75,3.12,1.02,0
Product_41 (Category_1),2023-06-30,311.1,284.82,3.66,1.03,0
Product_41 (Category_1),2023-07-31,361.21,73.82,4.7,1.1,1
Product_41 (Category_1),2023-08-31,363.59,309.62,3.72,0.86,0
Product_41 (Category_1),2023-09-30,322.69,239.11,4.55,1.02,0
Product_41 (Category_1),2023-10-31,375.73,171.81,4.11,0.95,0
Product_41 (Category_1),2023-11-30,336.33,234.64,3.69,0.99,0
Product_41 (Category_1),2023-12-31,282.83,185.75,4.72,0.95,0
Product_42 (Category_2),2022-01-31,766.92,311.71,3.92,1.01,0
Product_42 (Category_2),2022-02-28,778.6,102.54,4.69,0.85,0
Product_42 (Category_2),2022-03-31,812.64,393.84,3.8,0.9,0
Product_42 (Category_2),2022-04-30,775.15,217.07,4.32,1.0,0
Product_42 (Category_2),2022-05-31,794.11,293.37,2.73,1.13,0
Product_42 (Category_2),2022-06-30,822.92,364.79,4.92,0.96,0
Product_42 (Category_2),2022-07-31,869.48,202.1,4.2,1.16,0
Product_42 (Category_2),2022-08-31,843.44,407.36,3.85,1.0,0
Product_42 (Category_2),2022-09-30,813.82,453.32,3.9,1.07,0
Product_42 (Category_2),2022-10-31,767.68,130.25,4.41,0.9,0
Product_42 (Category_2),2022-11-30,750.12,183.28,3.8,1.03,0
Product_42 (Category_2),2022-12-31,787.48,390.56,4.14,0.93,0
Product_42 (Category_2),2023-01-31,766.85,413.47,3.57,0.9,0
Product_42 (Category_2),2023-02-28,797.68,163.94,4.48,1.02,0
Product_42 (Category_2),2023-03-31,815.6,189.22,3.81,1.08,0
Product_42 (Category_2),2023-04-30,834.43,82.73,2.96,1.12,0
Product_42 (Category_2),2023-05-31,841.12,383.4,4.68,1.06,0
Product_42 (Category_2),2023-06-30,866.05,385.43,3.14,0.95,0
Product_42 (Category_2),2023-07-31,920.57,456.47,4.28,0.84,0
Product_42 (Category_2),2023-08-31,876.17,236.8,4.13,0.84,0
Product_42 (Category_2),2023-09-30,899.24,83.99,3.63,1.13,0
Product_42 (Category_2),2023-10-31,859.75,90.37,3.67,1.18,0
Product_42 (Category_2),2023-11-30,831.81,303.42,3.77,1.18,0
Product_42 (Category_2),2023-12-31,858.34,437.83,3.52,0.99,1
Product_43 (Category_3),2022-01-31,717.09,128.39,4.27,1.19,0
Product_43 (Category_3),2022-02-28,656.44,78.43,4.43,1.04,0
Product_43 (Category_3),2022-03-31,675.73,301.91,4.23,1.01,0
Product_43 (Category_3),2022-04-30,688.33,413.01,3.08,0.82,0
Product_43 (Category_3),2022-05-31,713.9,112.23,3.15,0.97,0
Product_43 (Category_3),2022-06-30,667.22,400.25,3.23,1.18,0
Product_43 (Category_3),2022-07-31,627.32,106.23,3.53,0.84,0
Product_43 (Category_3),2022-08-31,655.71,94.41,3.84,1.03,0
Product_43 (Category_3),2022-09-30,696.29,418.15,4.09,1.18,0
Product_43 (Category_3),2022-10-31,643.64,413.39,3.79,1.0,0
Product_43 (Category_3),2022-11-30,633.41,414.24,4.33,1.12,1
Product_43 (Category_3),2022-12-31,599.8,76.97,4.39,1.01,0
Product_43 (Category_3),2023-01-31,649.71,224.43,3.77,0.93,1
Product_43 (Category_3),2023-02-28,609.82,351.7,3.88,0.92,0
Product_43 (Category_3),2023-03-31,679.14,281.5,4.43,0.93,0
Product_43 (Category_3),2023-04-30,592.03,434.79,4.1,0.97,0
Product_43 (Category_3),2023-05-31,660.54,278.68,4.12,1.09,1
Product_43 (Category_3),2023-06-30,665.74,442.77,3.7,1.13,0
Product_43 (Category_3),2023-07-31,687.44,187.88,4.57,0.86,0
Product_43 (Category_3),2023-08-31,697.74,197.87,4.61,0.91,0
Product_43 (Category_3),2023-09-30,780.18,63.41,3.93,0.8,0
Product_43 (Category_3),2023-10-31,715.35,346.71,4.61,1.0,0
Product_43 (Category_3),2023-11-30,702.65,100.24,4.82,0.85,0
Product_43 (Category_3),2023-12-31,751.82,436.48,3.9,1.05,0
Product_44 (Category_4),2022-01-31,662.29,237.23,4.59,1.19,0
Product_44 (Category_4),2022-02-28,649.37,220.71,3.73,1.16,0
Product_44 (Category_4),2022-03-31,693.2,327.0,3.3,0.82,0
Product_44 (Category_4),2022-04-30,717.6,194.25,4.7,0.84,0
Product_44 (Category_4),2022-05-31,686.79,192.77,4.33,1.11,0
Product_44 (Category_4),2022-06-30,690.81,352.85,4.12,0.82,0
Product_44 (Category_4),2022-07-31,660.07,447.12,3.75,0.81,0
Product_44 (Category_4),2022-08-31,651.59,418.73,3.99,0.94,0
Product_44 (Category_4),2022-09-30,643.92,289.1,4.02,0.96,1
Product_44 (Category_4),2022-10-31,605.18,429.15,3.81,0.94,0
Product_44 (Category_4),2022-11-30,627.37,77.31,3.36,0.97,0
Product_44 (Category_4),2022-12-31,627.93,397.06,4.27,0.82,0
Product_44 (Category_4),2023-01-31,1015.13,243.25,4.42,0.99,0
Product_44 (Category_4),2023-02-28,584.07,87.52,3.61,1.17,0
Product_44 (Category_4),2023-03-31,607.66,329.68,4.34,0.82,0
Product_44 (Category_4),2023-04-30,605.06,219.56,4.61,1.01,0
Product_44 (Category_4),2023-05-31,616.71,412.66,3.61,0.91,0
Product_44 (Category_4),2023-06-30,634.92,85.34,4.27,0.94,0
Product_44 (Category_4),2023-07-31,666.48,272.0,4.65,0.82,1
Product_44 (Category_4),2023-08-31,667.21,177.93,3.54,1.03,0
Product_44 (Category_4),2023-09-30,634.61,251.88,4.36,1.02,0
Product_44 (Category_4),2023-10-31,689.89,117.77,3.41,1.17,0
Product_44 (Category_4),2023-11-30,659.09,287.26,3.98,1.17,0
Product_44 (Category_4),2023-12-31,618.34,161.13,3.87,1.16,1
Product_45 (Category_0),2022-01-31,311.39,224.64,3.69,0.9,1
Product_45 (Category_0),2022-02-28,382.26,166.01,4.01,0.96,0
Product_45 (Category_0),2022-03-31,403.7,285.87,3.78,0.91,0
Product_45 (Category_0),2022-04-30,458.49,253.54,3.94,0.82,0
Product_45 (Category_0),2022-05-31,424.91,173.94,4.5,1.19,0
Product_45 (Category_0),2022-06-30,401.6,348.85,3.01,1.01,1
Product_45 (Category_0),2022-07-31,387.01,359.78,3.91,0.86,0
Product_45 (Category_0),2022-08-31,358.43,397.8,4.17,1.0,0
Product_45 (Category_0),2022-09-30,363.33,81.41,3.91,0.99,0
Product_45 (Category_0),2022-10-31,346.32,287.22,4.43,1.11,0
Product_45 (Category_0),2022-11-30,439.21,345.29,4.37,0.99,0
Product_45 (Category_0),2022-12-31,347.2,277.55,4.14,0.83,0
Product_45 (Category_0),2023-01-31,297.37,419.21,3.53,1.03,0
Product_45 (Category_0),2023-02-28,299.9,381.68,4.5,0.83,0
Product_45 (Category_0),2023-03-31,401.24,330.89,3.43,0.85,0
Product_45 (Category_0),2023-04-30,388.46,210.38,3.73,0.84,1
Product_45 (Category_0),2023-05-31,304.87,196.12,3.52,1.19,0
Product_45 (Category_0),2023-06-30,301.41,262.11,3.06,0.87,0
Product_45 (Category_0),2023-07-31,421.66,414.4,4.4,1.15,0
Product_45 (Category_0),2023-08-31,350.62,380.44,3.87,1.05,0
Product_45 (Category_0),2023-09-30,391.49,270.81,4.25,0.98,0
Product_45 (Category_0),2023-10-31,450.19,96.58,4.25,0.84,0
Product_45 (Category_0),2023-11-30,372.52,293.34,4.21,1.19,0
Product_45 (Category_0),2023-12-31,423.16,204.43,4.74,1.02,0
Product_46 (Category_1),2022-01-31,179.64,363.15,3.82,0.87,0
Product_46 (Category_1),2022-02-28,277.84,421.46,4.41,0.82,0
Product_46 (Category_1),2022-03-31,231.24,248.1,3.53,1.13,1
Product_46 (Category_1),2022-04-30,213.79,491.96,3.69,1.19,1
Product_46 (Category_1),2022-05-31,290.56,233.96,3.73,0.93,0
Product_46 (Category_1),2022-06-30,253.46,250.54,3.69,1.16,0
Product_46 (Category_1),2022-07-31,249.47,244.21,3.72,1.11,1
Product_46 (Category_1),2022-08-31,227.8,421.18,4.52,1.14,1
Product_46 (Category_1),2022-09-30,146.49,482.84,4.34,1.02,0
Product_46 (Category_1),2022-10-31,213.8,343.93,4.1,0.94,1
Product_46 (Category_1),2022-11-30,129.62,218.09,4.45,1.07,0
Product_46 (Category_1),2022-12-31,159.74,231.08,4.92,0.86,0
Product_46 (Category_1),2023-01-31,137.24,194.33,4.13,1.15,0
Product_46 (Category_1),2023-02-28,134.22,416.03,3.78,1.1,0
Product_46 (Category_1),2023-03-31,194.16,299.16,3.56,0.88,0
Product_46 (Category_1),2023-04-30,247.46,207.41,4.02,0.97,0
Product_46 (Category_1),2023-05-31,149.61,399.8,4.52,1.02,0
Product_46 (Category_1),2023-06-30,219.19,372.52,4.27,1.08,0
Product_46 (Category_1),2023-07-31,227.1,137.55,4.8,1.09,0
Product_46 (Category_1),2023-08-31,238.04,362.33,4.02,1.01,0
Product_46 (Category_1),2023-09-30,233.42,123.62,3.55,0.95,0
Product_46 (Category_1),2023-10-31,255.36,400.08,5.0,1.14,0
Product_46 (Category_1),2023-11-30,255.53,60.89,3.84,0.94,0
Product_46 (Category_1),2023-12-31,229.61,302.0,3.38,1.1,0
Product_47 (Category_2),2022-01-31,700.91,117.75,3.27,0.99,0
Product_47 (Category_2),2022-02-28,666.62,199.73,5.0,0.83,0
Product_47 (Category_2),2022-03-31,733.84,187.18,2.89,1.08,0
Product_47 (Category_2),2022-04-30,736.52,327.31,3.92,0.98,0
Product_47 (Category_2),2022-05-31,753.63,287.22,3.42,1.09,0
Product_47 (Category_2),2022-06-30,713.41,132.53,4.35,0.97,0
Product_47 (Category_2),2022-07-31,761.21,52.45,4.03,0.81,1
Product_47 (Category_2),2022-08-31,752.23,480.04,3.84,1.11,0
Product_47 (Category_2),2022-09-30,689.12,137.8,3.83,1.16,0
Product_47 (Category_2),2022-10-31,627.03,180.83,4.0,1.19,1
Product_47 (Category_2),2022-11-30,622.33,455.65,4.06,1.02,0
Product_47 (Category_2),2022-12-31,754.05,181.14,4.43,0.93,0
Product_47 (Category_2),2023-01-31,652.63,113.07,4.22,1.02,0
Product_47 (Category_2),2023-02-28,642.43,86.48,3.97,1.09,0
Product_47 (Category_2),2023-03-31,676.59,126.62,4.4,0.91,0
Product_47 (Category_2),2023-04-30,724.99,478.7,4.01,0.96,0
Product_47 (Category_2),2023-05-31,747.47,151.36,3.66,1.07,0
Product_47 (Category_2),2023-06-30,708.21,150.97,4.13,1.0,1
Product_47 (Category_2),2023-07-31,703.45,297.17,3.92,1.1,0
Product_47 (Category_2),2023-08-31,803.4,481.6,4.64,1.17,0
Product_47 (Category_2),2023-09-30,796.21,242.38,3.76,0.91,0
Product_47 (Category_2),2023-10-31,757.4,271.56,3.42,0.81,0
Product_47 (Category_2),2023-11-30,725.16,443.7,4.42,1.11,0
Product_47 (Category_2),2023-12-31,714.31,157.29,4.28,1.18,0
Product_48 (Category_3),2022-01-31,419.25,252.32,3.7,0.88,0
Product_48 (Category_3),2022-02-28,404.16,348.71,4.4,0.85,0
Product_48 (Category_3),2022-03-31,226.92,294.03,3.81,0.86,0
Product_48 (Category_3),2022-04-30,480.82,462.49,4.31,1.08,0
Product_48 (Category_3),2022-05-31,495.57,237.85,4.2,1.09,0
Product_48 (Category_3),2022-06-30,439.77,376.21,3.8,1.16,0
Product_48 (Category_3),2022-07-31,375.47,311.1,4.26,1.16,0
Product_48 (Category_3),2022-08-31,389.47,201.4,3.41,0.88,0
Product_48 (Category_3),2022-09-30,335.32,160.38,4.42,0.98,0
Product_48 (Category_3),2022-10-31,308.17,437.47,4.22,1.03,0
Product_48 (Category_3),2022-11-30,350.61,450.36,4.1,0.98,1
Product_48 (Category_3),2022-12-31,273.76,196.51,3.86,1.19,0
Product_48 (Category_3),2023-01-31,255.22,60.75,4.08,0.98,0
Product_48 (Category_3),2023-02-28,263.55,360.11,3.74,1.01,0
Product_48 (Category_3),2023-03-31,288.52,116.35,4.08,0.83,0
Product_48 (Category_3),2023-04-30,451.74,351.22,4.48,0.99,0
Product_48 (Category_3),2023-05-31,375.55,210.88,4.77,0.91,0
Product_48 (Category_3),2023-06-30,394.59,396.4,4.43,1.02,0
Product_48 (Category_3),2023-07-31,506.06,387.19,4.3,1.19,0
Product_48 (Category_3),2023-08-31,437.4,326.71,4.36,0.99,0
Product_48 (Category_3),2023-09-30,406.25,187.81,4.55,1.14,0
Product_48 (Category_3),2023-10-31,431.07,471.2,3.25,1.07,0
Product_48 (Category_3),2023-11-30,347.84,498.51,3.55,1.1,0
Product_48 (Category_3),2023-12-31,399.59,291.82,4.16,1.14,0
Product_49 (Category_4),2022-01-31,522.93,299.33,3.98,1.17,0
Product_49 (Category_4),2022-02-28,544.96,470.16,3.56,1.02,0
Product_49 (Category_4),2022-03-31,585.55,461.58,3.64,0.88,0
Product_49 (Category_4),2022-04-30,562.01,381.18,4.17,0.92,0
Product_49 (Category_4),2022-05-31,614.99,186.19,3.64,1.06,0
Product_49 (Category_4),2022-06-30,580.34,161.24,3.48,1.1,0
Product_49 (Category_4),2022-07-31,557.03,326.23,4.07,0.84,0
Product_49 (Category_4),2022-08-31,559.81,177.14,4.75,0.95,0
Product_49 (Category_4),2022-09-30,438.86,162.02,4.02,0.93,0
Product_49 (Category_4),2022-10-31,447.68,283.2,4.01,0.98,0
Product_49 (Category_4),2022-11-30,352.8,465.9,3.93,0.81,0
Product_49 (Category_4),2022-12-31,388.8,343.52,3.28,1.09,0
Product_49 (Category_4),2023-01-31,382.81,168.56,3.69,0.82,0
Product_49 (Category_4),2023-02-28,388.83,98.15,3.83,1.09,0
Product_49 (Category_4),2023-03-31,391.33,282.18,3.81,0.9,1
Product_49 (Category_4),2023-04-30,411.07,221.52,4.45,0.96,0
Product_49 (Category_4),2023-05-31,526.14,92.78,3.04,0.88,0
Product_49 (Category_4),2023-06-30,603.35,361.34,3.53,0.95,0
Product_49 (Category_4),2023-07-31,536.06,259.11,3.95,1.13,0
Product_49 (Category_4),2023-08-31,534.69,56.14,3.99,0.92,0
Product_49 (Category_4),2023-09-30,557.32,239.5,3.05,0.96,0
Product_49 (Category_4),2023-10-31,492.39,487.92,4.51,0.88,0
Product_49 (Category_4),2023-11-30,506.18,294.62,4.49,1.06,0
Product_49 (Category_4),2023-12-31,529.07,449.52,3.07,0.84,0
Product_50 (Category_0),2022-01-31,345.37,410.74,3.4,0.98,0
Product_50 (Category_0),2022-02-28,372.82,165.96,4.94,1.15,0
Product_50 (Category_0),2022-03-31,425.41,69.87,3.68,1.2,0
Product_50 (Category_0),2022-04-30,124.53,446.29,2.76,0.97,0
Product_50 (Category_0),2022-05-31,442.22,104.57,3.44,0.85,0
Product_50 (Category_0),2022-06-30,382.17,85.81,4.28,1.18,0
Product_50 (Category_0),2022-07-31,396.26,125.98,4.25,1.13,0
Product_50 (Category_0),2022-08-31,317.25,104.85,3.58,1.0,0
Product_50 (Category_0),2022-09-30,252.44,338.45,3.8,1.16,0
Product_50 (Category_0),2022-10-31,296.72,377.99,3.51,1.17,0
Product_50 (Category_0),2022-11-30,265.02,75.71,3.68,1.16,0
Product_50 (Category_0),2022-12-31,237.16,67.37,4.13,1.15,0
Product_50 (Category_0),2023-01-31,315.44,63.94,3.62,0.91,0
Product_50 (Category_0),2023-02-28,223.79,457.63,4.21,1.01,0
Product_50 (Category_0),2023-03-31,301.56,369.13,4.45,0.88,0
Product_50 (Category_0),2023-04-30,296.9,401.9,3.27,1.11,0
Product_50 (Category_0),2023-05-31,351.05,152.79,4.49,0.91,0
Product_50 (Category_0),2023-06-30,338.82,254.9,3.66,1.16,0
Product_50 (Category_0),2023-07-31,365.42,465.16,4.14,1.03,0
Product_50 (Category_0),2023-08-31,416.8,67.87,3.46,1.14,0
Product_50 (Category_0),2023-09-30,405.36,397.51,3.46,0.99,0
Product_50 (Category_0),2023-10-31,365.53,428.81,4.49,1.12,0
Product_50 (Category_0),2023-11-30,372.8,152.43,3.83,1.01,0
Product_50 (Category_0),2023-12-31,264.34,99.18,4.36,1.12,0
